response_key,response_family,memory_panel_role,scientific_role,panel_version,freeze_status,restoration_status,response_informed_by_hydroclimate,automatic_selection
AC::pH_SOL::NO_UNIT,ACID_BASE,PRIMARY_MEMORY_PANEL,acid-base,BLOCK_7.2C_v1,FROZEN_PRE_HYDROCLIMATE,RESTORED_FROM_PRIOR_FROZEN_BLOCK_7.2C,False,False
AC::Na::mg/L,ALKALI_WEATHERING,PRIMARY_MEMORY_PANEL,alkali/conservative weathering,BLOCK_7.2C_v1,FROZEN_PRE_HYDROCLIMATE,RESTORED_FROM_PRIOR_FROZEN_BLOCK_7.2C,False,False
AC::C.E._SOL::dS/m,MINERALIZATION,PRIMARY_MEMORY_PANEL,integrated mineralization,BLOCK_7.2C_v1,FROZEN_PRE_HYDROCLIMATE,RESTORED_FROM_PRIOR_FROZEN_BLOCK_7.2C,False,False
COLIFORMS::Total coliforms::NMP/100 mL,MICROBIAL,PRIMARY_MEMORY_PANEL,microbial,BLOCK_7.2C_v1,FROZEN_PRE_HYDROCLIMATE,RESTORED_FROM_PRIOR_FROZEN_BLOCK_7.2C,False,False
AC::NH4::mg/L,NUTRIENT_N,PRIMARY_MEMORY_PANEL,ammonium,BLOCK_7.2C_v1,FROZEN_PRE_HYDROCLIMATE,RESTORED_FROM_PRIOR_FROZEN_BLOCK_7.2C,False,False
METALS::Aluminio::mg/L,PARTICLE_ASSOCIATED_METAL,PRIMARY_MEMORY_PANEL,particle-associated mobilization,BLOCK_7.2C_v1,FROZEN_PRE_HYDROCLIMATE,RESTORED_FROM_PRIOR_FROZEN_BLOCK_7.2C,False,False
METALS::Hierro::mg/L,REDOX_METAL,PRIMARY_MEMORY_PANEL,redox-sensitive metal,BLOCK_7.2C_v1,FROZEN_PRE_HYDROCLIMATE,RESTORED_FROM_PRIOR_FROZEN_BLOCK_7.2C,False,False
METALS::Silicio::mg/L,SILICATE_WEATHERING,PRIMARY_MEMORY_PANEL,silicate/weathering/storage,BLOCK_7.2C_v1,FROZEN_PRE_HYDROCLIMATE,RESTORED_FROM_PRIOR_FROZEN_BLOCK_7.2C,False,False
AC::SO4_ppm::mg/L,SULFATE,PRIMARY_MEMORY_PANEL,sulfate,BLOCK_7.2C_v1,FROZEN_PRE_HYDROCLIMATE,RESTORED_FROM_PRIOR_FROZEN_BLOCK_7.2C,False,False
FIELD::Water temperature::degC,THERMAL,PRIMARY_MEMORY_PANEL,thermal,BLOCK_7.2C_v1,FROZEN_PRE_HYDROCLIMATE,RESTORED_FROM_PRIOR_FROZEN_BLOCK_7.2C,False,False
