station_id,station_type,network_role,n_campaigns,n_field_visits,n_coordinate_visits,latitude,longitude,field_elevation,max_distance_from_median_m,median_distance_from_median_m,coordinate_stability,coordinate_valid
IC01,IRRIGATION_CANAL,SPECIAL_SOURCE_OR_NONSTREAM,3,3,3,-12.92246,-74.289345,2390.0,0.0,0.0,VERY_STABLE_<=25m,True
MAN02,SPRING,SPECIAL_SOURCE_OR_NONSTREAM,1,1,1,-12.93852,-74.28952,2304.0,0.0,0.0,VERY_STABLE_<=25m,True
MAN04,SPRING,SPECIAL_SOURCE_OR_NONSTREAM,1,1,1,-12.948645,-74.260005,2492.0,0.0,0.0,VERY_STABLE_<=25m,True
MAN06,SPRING,SPECIAL_SOURCE_OR_NONSTREAM,2,2,2,-12.93879,-74.28174,2392.0,0.0,0.0,VERY_STABLE_<=25m,True
MAN12,SPRING,SPECIAL_SOURCE_OR_NONSTREAM,1,1,1,-12.95988,-74.281645,2357.0,0.0,0.0,VERY_STABLE_<=25m,True
MAN13,SPRING,SPECIAL_SOURCE_OR_NONSTREAM,1,1,1,-12.92183,-74.289435,2390.0,0.0,0.0,VERY_STABLE_<=25m,True
MH01,SPRING_OR_OUTFLOW,SPECIAL_SOURCE_OR_NONSTREAM,5,5,5,-12.925453,-74.293884,2353.0,0.0,0.0,VERY_STABLE_<=25m,True
Q1.1L,STREAM_NETWORK,EXTENDED_LONGITUDINAL,7,7,7,-12.837746,-74.29603,2266.0,0.0,0.0,VERY_STABLE_<=25m,True
Q1.1U,STREAM_NETWORK,SPATIAL_SUPPLEMENT,3,3,3,-12.937875,-74.290965,2295.0,0.0,0.0,VERY_STABLE_<=25m,True
Q1.2N.M__LOC1,STREAM_NETWORK,SPATIAL_SUPPLEMENT,3,3,3,-12.90164,-74.273065,2585.0,0.0,0.0,VERY_STABLE_<=25m,True
Q1.2N.M__LOC2,STREAM_NETWORK,SPATIAL_SUPPLEMENT,1,1,1,-12.897215,-74.25958,2745.0,0.0,0.0,VERY_STABLE_<=25m,True
Q1.2N.U1,STREAM_NETWORK,EXTENDED_LONGITUDINAL,4,4,4,-12.897215,-74.25958,2745.0,0.0,0.0,VERY_STABLE_<=25m,True
Q1.2N.U2,STREAM_NETWORK,SPATIAL_SUPPLEMENT,2,2,2,-12.89709,-74.260595,2720.0,0.0,0.0,VERY_STABLE_<=25m,True
Q1.2S.M1,STREAM_NETWORK,SPATIAL_SUPPLEMENT,1,1,1,-12.91293,-74.26296,2587.0,0.0,0.0,VERY_STABLE_<=25m,True
Q1.2S.M2__LOC1,STREAM_NETWORK,SPATIAL_SUPPLEMENT,1,1,1,-12.91394,-74.264315,2570.0,0.0,0.0,VERY_STABLE_<=25m,True
Q1.2S.M2__LOC2,STREAM_NETWORK,SPATIAL_SUPPLEMENT,1,1,1,-12.907915,-74.25418,2715.0,0.0,0.0,VERY_STABLE_<=25m,True
Q1.2S.U1,STREAM_NETWORK,EXTENDED_LONGITUDINAL,6,6,6,-12.906633,-74.250332,2830.0,0.0,0.0,VERY_STABLE_<=25m,True
Q1.2S.U2,STREAM_NETWORK,SPATIAL_SUPPLEMENT,1,1,1,-12.907915,-74.25418,2715.0,0.0,0.0,VERY_STABLE_<=25m,True
Q1.3N,STREAM_NETWORK,EXTENDED_LONGITUDINAL,6,6,6,-12.846634,-74.205759,3965.0,43.83122001519105,0.0,STABLE_25_100m,True
Q1.3S.L,STREAM_NETWORK,SPATIAL_SUPPLEMENT,2,3,3,-12.882155,-74.220005,3608.0,0.0,0.0,VERY_STABLE_<=25m,True
Q1.3S.U,STREAM_NETWORK,SPATIAL_SUPPLEMENT,1,1,1,-12.875185,-74.19929,4000.0,0.0,0.0,VERY_STABLE_<=25m,True
Q2.1L1,STREAM_NETWORK,EXTENDED_LONGITUDINAL,4,4,4,-12.906633,-74.250332,2298.0,0.0,0.0,VERY_STABLE_<=25m,True
Q2.1L2,STREAM_NETWORK,SPATIAL_SUPPLEMENT,1,1,1,-12.96105,-74.29709,2293.0,0.0,0.0,VERY_STABLE_<=25m,True
Q2.1M,STREAM_NETWORK,SPATIAL_SUPPLEMENT,2,2,2,-12.962055,-74.296105,2300.0,0.0,0.0,VERY_STABLE_<=25m,True
Q2.1U__LOC1,STREAM_NETWORK,SPATIAL_SUPPLEMENT,2,2,2,-12.96196,-74.29475,2305.0,0.0,0.0,VERY_STABLE_<=25m,True
Q2.1U__LOC2,STREAM_NETWORK,SPATIAL_SUPPLEMENT,1,1,1,-12.96105,-74.29709,2293.0,0.0,0.0,VERY_STABLE_<=25m,True
Q2.2.L1,SPRING_OR_OUTFLOW,SPECIAL_SOURCE_OR_NONSTREAM,6,7,7,-12.949125,-74.25956,2492.0,0.0,0.0,VERY_STABLE_<=25m,True
Q2.2.L2,STREAM_NETWORK,SPATIAL_SUPPLEMENT,2,2,2,-12.957621,-74.274055,2390.0,0.0,0.0,VERY_STABLE_<=25m,True
Q2.2.M,STREAM_NETWORK,SPATIAL_SUPPLEMENT,2,2,2,-12.94563,-74.233816,2705.0,0.0,0.0,VERY_STABLE_<=25m,True
Q2.2.U,STREAM_NETWORK,SPATIAL_SUPPLEMENT,1,1,1,-12.935211,-74.223546,2888.0,0.0,0.0,VERY_STABLE_<=25m,True
Q2.3.U,STREAM_NETWORK,EXTENDED_LONGITUDINAL,5,5,5,-12.904776,-74.172655,3987.0,0.0,0.0,VERY_STABLE_<=25m,True
Q2.3L,STREAM_NETWORK,EXTENDED_LONGITUDINAL,4,4,4,-12.93304,-74.21087,3155.0,0.0,0.0,VERY_STABLE_<=25m,True
Q2.4,STREAM_NETWORK,EXTENDED_LONGITUDINAL,5,5,5,-12.89398,-74.16656,4060.0,0.0,0.0,VERY_STABLE_<=25m,True
Q3.1,STREAM_NETWORK,CORE_LONGITUDINAL,10,10,10,-12.983733,-74.292386,2310.0,0.0,0.0,VERY_STABLE_<=25m,True
Q3.2L,STREAM_NETWORK,SPATIAL_SUPPLEMENT,1,1,1,-13.005535,-74.208965,2854.0,0.0,0.0,VERY_STABLE_<=25m,True
Q3.2M,STREAM_NETWORK,CORE_LONGITUDINAL,9,9,9,-13.005275,-74.208628,2855.0,46.57161239143598,0.0,STABLE_25_100m,True
Q3.3.L,STREAM_NETWORK,EXTENDED_LONGITUDINAL,4,5,5,-12.985525,-74.1779,3230.0,0.0,0.0,VERY_STABLE_<=25m,True
Q3.3.M,STREAM_NETWORK,EXTENDED_LONGITUDINAL,4,4,4,-12.96855,-74.15305,3720.0,0.0,0.0,VERY_STABLE_<=25m,True
Q3.3.U,STREAM_NETWORK,SPATIAL_SUPPLEMENT,1,1,1,-12.958332,-74.129012,4060.0,0.0,0.0,VERY_STABLE_<=25m,True
RC01,STREAM_NETWORK,CORE_LONGITUDINAL,10,10,10,-12.843874,-74.328924,2158.0,0.0,0.0,VERY_STABLE_<=25m,True
RC02,STREAM_NETWORK,CORE_LONGITUDINAL,10,10,10,-12.99964,-74.285016,2335.0,0.0,0.0,VERY_STABLE_<=25m,True
