parameter_id,dataset,parameter_std,unit_std,n_records,n_detected,n_censored,n_samples,n_field_events,n_stations,n_campaigns,n_censor_limits,min_censor_limit,median_censor_limit,max_censor_limit,min_detected,median_detected,max_detected,pct_censored,censoring_class,preliminary_method,campaign_coverage_class,variable_censor_limits,censor_limit_policy,censor_policy_final,continuous_inference_possible,special_policy_flag,special_policy_note,temporal_core_coverage_candidate,coverage_warning,censor_policy_note
COLIFORMS::Escherichia coli::NMP/100 mL,COLIFORMS,Escherichia coli,NMP/100 mL,73,0,73,73,71,20,10,1,1.8,1.8,1.8,,,,100.0,NONDETECT_ONLY,DETECTION_ONLY_OR_EXCLUDE_CONTINUOUS,FULL_10_CAMPAIGNS,False,SINGLE_PARAMETER_LIMIT,NONDETECT_ONLY_DESCRIPTIVE,False,ALL_NONDETECT,0 detections among 73 analytical records; retain only as nondetection/descriptive information. Do not model concentration or detection occurrence.,True,NONE,No detected concentrations; retain only as descriptive nondetection evidence.
METALS::Bismuto::mg/L,METALS,Bismuto,mg/L,136,0,136,136,130,41,10,2,1e-05,3e-05,3e-05,,,,100.0,NONDETECT_ONLY,DETECTION_ONLY_OR_EXCLUDE_CONTINUOUS,FULL_10_CAMPAIGNS,True,USE_OBSERVATION_SPECIFIC_LIMIT,NONDETECT_ONLY_DESCRIPTIVE,False,,,True,NONE,No detected concentrations; retain only as descriptive nondetection evidence.
METALS::Lantano::mg/L,METALS,Lantano,mg/L,136,0,136,136,130,41,10,2,0.0005,0.0015,0.0015,,,,100.0,NONDETECT_ONLY,DETECTION_ONLY_OR_EXCLUDE_CONTINUOUS,FULL_10_CAMPAIGNS,True,USE_OBSERVATION_SPECIFIC_LIMIT,NONDETECT_ONLY_DESCRIPTIVE,False,,,True,NONE,No detected concentrations; retain only as descriptive nondetection evidence.
METALS::Lutecio::mg/L,METALS,Lutecio,mg/L,136,0,136,136,130,41,10,2,2e-05,6e-05,6e-05,,,,100.0,NONDETECT_ONLY,DETECTION_ONLY_OR_EXCLUDE_CONTINUOUS,FULL_10_CAMPAIGNS,True,USE_OBSERVATION_SPECIFIC_LIMIT,NONDETECT_ONLY_DESCRIPTIVE,False,,,True,NONE,No detected concentrations; retain only as descriptive nondetection evidence.
METALS::Mercurio::mg/L,METALS,Mercurio,mg/L,136,0,136,136,130,41,10,3,3e-05,9e-05,0.0003,,,,100.0,NONDETECT_ONLY,DETECTION_ONLY_OR_EXCLUDE_CONTINUOUS,FULL_10_CAMPAIGNS,True,USE_OBSERVATION_SPECIFIC_LIMIT,NONDETECT_ONLY_DESCRIPTIVE,False,ALL_NONDETECT_VARIABLE_LIMIT,All observations censored; detection limits vary. Retain censor limits explicitly but do not infer concentration dynamics.,True,NONE,No detected concentrations; retain only as descriptive nondetection evidence.
METALS::Niobio::mg/L,METALS,Niobio,mg/L,136,0,136,136,130,41,10,2,0.0005,0.0015,0.0015,,,,100.0,NONDETECT_ONLY,DETECTION_ONLY_OR_EXCLUDE_CONTINUOUS,FULL_10_CAMPAIGNS,True,USE_OBSERVATION_SPECIFIC_LIMIT,NONDETECT_ONLY_DESCRIPTIVE,False,,,True,NONE,No detected concentrations; retain only as descriptive nondetection evidence.
METALS::Talio::mg/L,METALS,Talio,mg/L,136,0,136,136,130,41,10,2,2e-05,6e-05,6e-05,,,,100.0,NONDETECT_ONLY,DETECTION_ONLY_OR_EXCLUDE_CONTINUOUS,FULL_10_CAMPAIGNS,True,USE_OBSERVATION_SPECIFIC_LIMIT,NONDETECT_ONLY_DESCRIPTIVE,False,,,True,NONE,No detected concentrations; retain only as descriptive nondetection evidence.
METALS::Tantalio::mg/L,METALS,Tantalio,mg/L,136,0,136,136,130,41,10,2,0.0007,0.0021,0.0021,,,,100.0,NONDETECT_ONLY,DETECTION_ONLY_OR_EXCLUDE_CONTINUOUS,FULL_10_CAMPAIGNS,True,USE_OBSERVATION_SPECIFIC_LIMIT,NONDETECT_ONLY_DESCRIPTIVE,False,,,True,NONE,No detected concentrations; retain only as descriptive nondetection evidence.
METALS::Teluro::mg/L,METALS,Teluro,mg/L,136,0,136,136,130,41,10,2,0.001,0.003,0.003,,,,100.0,NONDETECT_ONLY,DETECTION_ONLY_OR_EXCLUDE_CONTINUOUS,FULL_10_CAMPAIGNS,True,USE_OBSERVATION_SPECIFIC_LIMIT,NONDETECT_ONLY_DESCRIPTIVE,False,,,True,NONE,No detected concentrations; retain only as descriptive nondetection evidence.
METALS::Thorio::mg/L,METALS,Thorio,mg/L,136,0,136,136,130,41,10,2,6e-05,0.00019,0.00019,,,,100.0,NONDETECT_ONLY,DETECTION_ONLY_OR_EXCLUDE_CONTINUOUS,FULL_10_CAMPAIGNS,True,USE_OBSERVATION_SPECIFIC_LIMIT,NONDETECT_ONLY_DESCRIPTIVE,False,,,True,NONE,No detected concentrations; retain only as descriptive nondetection evidence.
METALS::Wolframio::mg/L,METALS,Wolframio,mg/L,136,0,136,136,130,41,10,2,0.0002,0.0006,0.0006,,,,100.0,NONDETECT_ONLY,DETECTION_ONLY_OR_EXCLUDE_CONTINUOUS,FULL_10_CAMPAIGNS,True,USE_OBSERVATION_SPECIFIC_LIMIT,NONDETECT_ONLY_DESCRIPTIVE,False,,,True,NONE,No detected concentrations; retain only as descriptive nondetection evidence.
METALS::Yterbio::mg/l,METALS,Yterbio,mg/l,96,1,95,96,92,37,7,3,2e-05,6e-05,0.0006,5e-05,5e-05,5e-05,98.95833333333331,VERY_HIGH_CENSORING,DETECTION_OCCURRENCE_OR_DESCRIPTIVE,MODERATE_5_TO_7_CAMPAIGNS,True,USE_OBSERVATION_SPECIFIC_LIMIT,SPARSE_DETECTION_DESCRIPTIVE_ONLY,False,SINGLE_DETECTION,Only one detected concentration; descriptive only. Not suitable for continuous or occurrence modelling.,False,MODERATE_TEMPORAL_LIMITATION,Too few detections for stable inferential modelling; retain descriptively.
AC::Al::mg/L,AC,Al,mg/L,138,2,136,138,131,41,10,1,1.0,1.0,1.0,2.55,2.71,2.87,98.55072463768116,VERY_HIGH_CENSORING,DETECTION_OCCURRENCE_OR_DESCRIPTIVE,FULL_10_CAMPAIGNS,False,SINGLE_PARAMETER_LIMIT,SPARSE_DETECTION_DESCRIPTIVE_ONLY,False,,,True,NONE,Too few detections for stable inferential modelling; retain descriptively.
METALS::Plata::mg/L,METALS,Plata,mg/L,136,2,134,136,130,41,10,3,3e-06,1e-05,3e-05,4e-05,4.25e-05,4.5e-05,98.52941176470588,VERY_HIGH_CENSORING,DETECTION_OCCURRENCE_OR_DESCRIPTIVE,FULL_10_CAMPAIGNS,True,USE_OBSERVATION_SPECIFIC_LIMIT,SPARSE_DETECTION_DESCRIPTIVE_ONLY,False,,,True,NONE,Too few detections for stable inferential modelling; retain descriptively.
METALS::Berilio::mg/L,METALS,Berilio,mg/L,136,6,130,136,130,41,10,2,2e-05,6e-05,6e-05,2e-05,0.0001,0.0002,95.58823529411764,VERY_HIGH_CENSORING,DETECTION_OCCURRENCE_OR_DESCRIPTIVE,FULL_10_CAMPAIGNS,True,USE_OBSERVATION_SPECIFIC_LIMIT,DETECTION_OCCURRENCE_ONLY,False,,,True,NONE,Very high censoring; concentration-scale inference is not sufficiently supported. Detection occurrence may be considered if scientifically relevant.
AC::Mo::mg/L,AC,Mo,mg/L,138,7,131,138,131,41,10,1,0.01,0.01,0.01,0.01,0.01,0.02,94.92753623188406,VERY_HIGH_CENSORING,DETECTION_OCCURRENCE_OR_DESCRIPTIVE,FULL_10_CAMPAIGNS,False,SINGLE_PARAMETER_LIMIT,DETECTION_OCCURRENCE_ONLY,False,,,True,NONE,Very high censoring; concentration-scale inference is not sufficiently supported. Detection occurrence may be considered if scientifically relevant.
METALS::Hafnio::mg/L,METALS,Hafnio,mg/L,136,12,124,136,130,41,10,2,5e-05,0.00015,0.00015,0.00015,0.0003199999999999,0.00049,91.17647058823528,VERY_HIGH_CENSORING,DETECTION_OCCURRENCE_OR_DESCRIPTIVE,FULL_10_CAMPAIGNS,True,USE_OBSERVATION_SPECIFIC_LIMIT,DETECTION_OCCURRENCE_ONLY,False,,,True,NONE,Very high censoring; concentration-scale inference is not sufficiently supported. Detection occurrence may be considered if scientifically relevant.
METALS::Plomo::mg/L,METALS,Plomo,mg/L,136,13,123,136,130,41,10,2,0.0002,0.0006,0.0006,0.0002,0.001,0.008,90.44117647058825,VERY_HIGH_CENSORING,DETECTION_OCCURRENCE_OR_DESCRIPTIVE,FULL_10_CAMPAIGNS,True,USE_OBSERVATION_SPECIFIC_LIMIT,DETECTION_OCCURRENCE_ONLY,False,,,True,NONE,Very high censoring; concentration-scale inference is not sufficiently supported. Detection occurrence may be considered if scientifically relevant.
METALS::Germanio::mg/L,METALS,Germanio,mg/L,136,14,122,136,130,41,10,2,0.0002,0.0006,0.0006,0.0006,0.0009,0.0011,89.70588235294117,VERY_HIGH_CENSORING,DETECTION_OCCURRENCE_OR_DESCRIPTIVE,FULL_10_CAMPAIGNS,True,USE_OBSERVATION_SPECIFIC_LIMIT,DETECTION_OCCURRENCE_ONLY,False,,,True,NONE,Very high censoring; concentration-scale inference is not sufficiently supported. Detection occurrence may be considered if scientifically relevant.
METALS::Selenio::mg/L,METALS,Selenio,mg/L,136,15,121,136,130,41,10,3,4e-05,0.0013,0.0013,0.0004,0.0015,0.0065,88.97058823529412,VERY_HIGH_CENSORING,DETECTION_OCCURRENCE_OR_DESCRIPTIVE,FULL_10_CAMPAIGNS,True,USE_OBSERVATION_SPECIFIC_LIMIT,DETECTION_OCCURRENCE_ONLY,False,,,True,NONE,Very high censoring; concentration-scale inference is not sufficiently supported. Detection occurrence may be considered if scientifically relevant.
METALS::Antimonio::mg/L,METALS,Antimonio,mg/L,136,19,117,136,130,41,10,2,4e-05,0.00013,0.00013,0.00018,0.00047,0.00131,86.02941176470588,VERY_HIGH_CENSORING,DETECTION_OCCURRENCE_OR_DESCRIPTIVE,FULL_10_CAMPAIGNS,True,USE_OBSERVATION_SPECIFIC_LIMIT,DETECTION_OCCURRENCE_ONLY,False,,,True,NONE,Very high censoring; concentration-scale inference is not sufficiently supported. Detection occurrence may be considered if scientifically relevant.
METALS::Zirconio::mg/L,METALS,Zirconio,mg/L,136,20,116,136,130,41,10,3,0.00015,0.00045,0.00045,0.00015,0.000675,0.00441,85.29411764705883,VERY_HIGH_CENSORING,DETECTION_OCCURRENCE_OR_DESCRIPTIVE,FULL_10_CAMPAIGNS,True,USE_OBSERVATION_SPECIFIC_LIMIT,DETECTION_OCCURRENCE_ONLY,False,,,True,NONE,Very high censoring; concentration-scale inference is not sufficiently supported. Detection occurrence may be considered if scientifically relevant.
AC::Cu::mg/L,AC,Cu,mg/L,138,23,115,138,131,41,10,1,0.001,0.001,0.001,0.001,0.002,0.003,83.33333333333333,VERY_HIGH_CENSORING,DETECTION_OCCURRENCE_OR_DESCRIPTIVE,FULL_10_CAMPAIGNS,False,SINGLE_PARAMETER_LIMIT,DETECTION_OCCURRENCE_ONLY,False,,,True,NONE,Very high censoring; concentration-scale inference is not sufficiently supported. Detection occurrence may be considered if scientifically relevant.
METALS::Estaño::mg/L,METALS,Estaño,mg/L,136,25,111,136,130,41,10,2,3e-05,0.0001,0.0001,0.00011,0.00019,0.00125,81.61764705882354,VERY_HIGH_CENSORING,DETECTION_OCCURRENCE_OR_DESCRIPTIVE,FULL_10_CAMPAIGNS,True,USE_OBSERVATION_SPECIFIC_LIMIT,DETECTION_OCCURRENCE_ONLY,False,,,True,NONE,Very high censoring; concentration-scale inference is not sufficiently supported. Detection occurrence may be considered if scientifically relevant.
METALS::Cerio::mg/L,METALS,Cerio,mg/L,136,28,108,136,130,41,10,2,8e-05,0.00024,0.00024,8e-05,0.000325,0.00325,79.41176470588235,HIGH_CENSORING,CENSORED_MODEL_PRIMARY,FULL_10_CAMPAIGNS,True,USE_OBSERVATION_SPECIFIC_LIMIT,CENSORED_MODEL_ONLY,True,,,True,NONE,More than half of observations are censored; do not use ordinary uncensored regression as the primary analysis.
METALS::Cesio::mg/L,METALS,Cesio,mg/L,136,31,105,136,130,41,10,2,0.0001,0.0003,0.0003,0.0001,0.0012,0.0128,77.20588235294117,HIGH_CENSORING,CENSORED_MODEL_PRIMARY,FULL_10_CAMPAIGNS,True,USE_OBSERVATION_SPECIFIC_LIMIT,CENSORED_MODEL_ONLY,True,,,True,NONE,More than half of observations are censored; do not use ordinary uncensored regression as the primary analysis.
AC::Mn::mg/L,AC,Mn,mg/L,138,32,106,138,131,41,10,1,0.01,0.01,0.01,0.01,0.02,1.05,76.81159420289855,HIGH_CENSORING,CENSORED_MODEL_PRIMARY,FULL_10_CAMPAIGNS,False,SINGLE_PARAMETER_LIMIT,CENSORED_MODEL_ONLY,True,,,True,NONE,More than half of observations are censored; do not use ordinary uncensored regression as the primary analysis.
METALS::Cromo::mg/L,METALS,Cromo,mg/L,136,37,99,136,130,41,10,3,1e-05,0.0003,0.0003,0.0001,0.0006,0.0059,72.79411764705883,HIGH_CENSORING,CENSORED_MODEL_PRIMARY,FULL_10_CAMPAIGNS,True,USE_OBSERVATION_SPECIFIC_LIMIT,CENSORED_MODEL_ONLY,True,,,True,NONE,More than half of observations are censored; do not use ordinary uncensored regression as the primary analysis.
AC::CO3::meq/L,AC,CO3,meq/L,138,39,99,138,131,41,10,1,0.01,0.01,0.01,0.08,0.28,2.6,71.73913043478261,HIGH_CENSORING,CENSORED_MODEL_PRIMARY,FULL_10_CAMPAIGNS,False,SINGLE_PARAMETER_LIMIT,CENSORED_MODEL_ONLY,True,,,True,NONE,More than half of observations are censored; do not use ordinary uncensored regression as the primary analysis.
AC::CO3_PPM::mg/L,AC,CO3_PPM,mg/L,138,39,99,138,131,41,10,1,0.3,0.3,0.3,2.4,8.4,78.0,71.73913043478261,HIGH_CENSORING,CENSORED_MODEL_PRIMARY,FULL_10_CAMPAIGNS,False,SINGLE_PARAMETER_LIMIT,CENSORED_MODEL_ONLY,True,,,True,NONE,More than half of observations are censored; do not use ordinary uncensored regression as the primary analysis.
AC::SO4::meq/L,AC,SO4,meq/L,138,41,97,138,131,41,10,1,1.0,1.0,1.0,1.02,1.58,2.7,70.28985507246377,HIGH_CENSORING,CENSORED_MODEL_PRIMARY,FULL_10_CAMPAIGNS,False,SINGLE_PARAMETER_LIMIT,CENSORED_MODEL_ONLY,True,,,True,NONE,More than half of observations are censored; do not use ordinary uncensored regression as the primary analysis.
METALS::Fósforo::mg/L,METALS,Fósforo,mg/L,136,41,95,136,130,41,10,2,0.015,0.047,0.047,0.024,0.095,1.089,69.8529411764706,HIGH_CENSORING,CENSORED_MODEL_PRIMARY,FULL_10_CAMPAIGNS,True,USE_OBSERVATION_SPECIFIC_LIMIT,CENSORED_MODEL_ONLY,True,,,True,NONE,More than half of observations are censored; do not use ordinary uncensored regression as the primary analysis.
METALS::Zinc::mg/L,METALS,Zinc,mg/L,136,41,95,136,130,41,10,2,0.0008,0.0026,0.0026,0.0017,0.0045,0.035,69.8529411764706,HIGH_CENSORING,CENSORED_MODEL_PRIMARY,FULL_10_CAMPAIGNS,True,USE_OBSERVATION_SPECIFIC_LIMIT,CENSORED_MODEL_ONLY,True,,,True,NONE,More than half of observations are censored; do not use ordinary uncensored regression as the primary analysis.
METALS::Cadmio::mg/L,METALS,Cadmio,mg/L,136,42,94,136,130,41,10,2,1e-05,3e-05,3e-05,2e-05,7e-05,0.00051,69.11764705882354,HIGH_CENSORING,CENSORED_MODEL_PRIMARY,FULL_10_CAMPAIGNS,True,USE_OBSERVATION_SPECIFIC_LIMIT,CENSORED_MODEL_ONLY,True,,,True,NONE,More than half of observations are censored; do not use ordinary uncensored regression as the primary analysis.
METALS::Galio::mg/L,METALS,Galio,mg/L,136,47,89,136,130,41,10,2,4e-05,0.00012,0.00012,0.00013,0.00025,0.00075,65.44117647058823,HIGH_CENSORING,CENSORED_MODEL_PRIMARY,FULL_10_CAMPAIGNS,True,USE_OBSERVATION_SPECIFIC_LIMIT,CENSORED_MODEL_ONLY,True,,,True,NONE,More than half of observations are censored; do not use ordinary uncensored regression as the primary analysis.
METALS::Niquel::mg/L,METALS,Niquel,mg/L,136,48,88,136,130,41,10,2,0.0002,0.0006,0.0006,0.0002,0.001,0.0035,64.70588235294117,HIGH_CENSORING,CENSORED_MODEL_PRIMARY,FULL_10_CAMPAIGNS,True,USE_OBSERVATION_SPECIFIC_LIMIT,CENSORED_MODEL_ONLY,True,,,True,NONE,More than half of observations are censored; do not use ordinary uncensored regression as the primary analysis.
AC::P::mg/L,AC,P,mg/L,138,55,83,138,131,41,10,1,0.01,0.01,0.01,0.01,0.07,1.27,60.14492753623188,HIGH_CENSORING,CENSORED_MODEL_PRIMARY,FULL_10_CAMPAIGNS,False,SINGLE_PARAMETER_LIMIT,CENSORED_MODEL_ONLY,True,,,True,NONE,More than half of observations are censored; do not use ordinary uncensored regression as the primary analysis.
AC::H2PO4::mg/L,AC,H2PO4,mg/L,138,59,79,138,131,41,10,1,0.01,0.01,0.01,0.02,0.2,3.99,57.2463768115942,HIGH_CENSORING,CENSORED_MODEL_PRIMARY,FULL_10_CAMPAIGNS,False,SINGLE_PARAMETER_LIMIT,CENSORED_MODEL_ONLY,True,,,True,NONE,More than half of observations are censored; do not use ordinary uncensored regression as the primary analysis.
AC::NO3::meq/L,AC,NO3,meq/L,138,63,75,138,131,41,10,1,0.01,0.01,0.01,0.01,0.07,0.62,54.34782608695652,HIGH_CENSORING,CENSORED_MODEL_PRIMARY,FULL_10_CAMPAIGNS,False,SINGLE_PARAMETER_LIMIT,CENSORED_MODEL_ONLY,True,,,True,NONE,More than half of observations are censored; do not use ordinary uncensored regression as the primary analysis.
COD::COD::mg O2/L,COD,COD,mg O2/L,137,64,73,137,126,39,10,1,4.5,4.5,4.5,4.7,8.85,835.5,53.28467153284672,HIGH_CENSORING,CENSORED_MODEL_PRIMARY,FULL_10_CAMPAIGNS,False,SINGLE_PARAMETER_LIMIT,CENSORED_MODEL_ONLY,True,CENSORED_PLUS_CONFIRMED_EXTREME,"53.3% censored; censor-aware modelling required. RC01 C10 = 835.5 mg O2/L is source-confirmed and retained, but requires explicit sensitivity analysis.",True,NONE,More than half of observations are censored; do not use ordinary uncensored regression as the primary analysis.
AC::NO3::mg/L,AC,NO3,mg/L,138,76,62,138,131,41,10,1,0.01,0.01,0.01,0.04,2.85,38.62,44.927536231884055,MODERATE_CENSORING,CENSORED_MODEL_PREFERRED,FULL_10_CAMPAIGNS,False,SINGLE_PARAMETER_LIMIT,CENSOR_AWARE_CONTINUOUS_PRIMARY,True,,,True,NONE,Moderate censoring; primary inference should explicitly account for left-censoring.
AC::Fe::mg/L,AC,Fe,mg/L,138,82,56,138,131,41,10,1,0.01,0.01,0.01,0.01,0.04,1.17,40.57971014492754,MODERATE_CENSORING,CENSORED_MODEL_PREFERRED,FULL_10_CAMPAIGNS,False,SINGLE_PARAMETER_LIMIT,CENSOR_AWARE_CONTINUOUS_PRIMARY,True,,,True,NONE,Moderate censoring; primary inference should explicitly account for left-censoring.
METALS::Rubidio::mg/L,METALS,Rubidio,mg/L,136,84,52,136,130,41,10,1,0.0009,0.0009,0.0009,0.0003,0.00385,0.0309,38.23529411764706,MODERATE_CENSORING,CENSORED_MODEL_PREFERRED,FULL_10_CAMPAIGNS,False,SINGLE_PARAMETER_LIMIT,CENSOR_AWARE_CONTINUOUS_PRIMARY,True,,,True,NONE,Moderate censoring; primary inference should explicitly account for left-censoring.
AC::K::mg/L,AC,K,mg/L,138,86,52,138,131,41,10,1,1.0,1.0,1.0,1.04,3.625,14.82,37.68115942028985,MODERATE_CENSORING,CENSORED_MODEL_PREFERRED,FULL_10_CAMPAIGNS,False,SINGLE_PARAMETER_LIMIT,CENSOR_AWARE_CONTINUOUS_PRIMARY,True,,,True,NONE,Moderate censoring; primary inference should explicitly account for left-censoring.
AC::Zn::mg/L,AC,Zn,mg/L,138,88,50,138,131,41,10,1,0.001,0.001,0.001,0.001,0.003,0.01,36.231884057971016,MODERATE_CENSORING,CENSORED_MODEL_PREFERRED,FULL_10_CAMPAIGNS,False,SINGLE_PARAMETER_LIMIT,CENSOR_AWARE_CONTINUOUS_PRIMARY,True,,,True,NONE,Moderate censoring; primary inference should explicitly account for left-censoring.
METALS::Boro::mg/L,METALS,Boro,mg/L,136,87,49,136,130,41,10,2,0.002,0.006,0.006,0.007,0.183,0.79,36.02941176470589,MODERATE_CENSORING,CENSORED_MODEL_PREFERRED,FULL_10_CAMPAIGNS,True,USE_OBSERVATION_SPECIFIC_LIMIT,CENSOR_AWARE_CONTINUOUS_PRIMARY,True,,,True,NONE,Moderate censoring; primary inference should explicitly account for left-censoring.
AC::B::mg/L,AC,B,mg/L,138,89,49,138,131,41,10,1,0.01,0.01,0.01,0.01,0.2,0.78,35.507246376811594,MODERATE_CENSORING,CENSORED_MODEL_PREFERRED,FULL_10_CAMPAIGNS,False,SINGLE_PARAMETER_LIMIT,CENSOR_AWARE_CONTINUOUS_PRIMARY,True,,,True,NONE,Moderate censoring; primary inference should explicitly account for left-censoring.
AC::K::meq/L,AC,K,meq/L,138,94,44,138,131,41,10,1,0.02,0.02,0.02,0.02,0.0849999999999999,0.38,31.88405797101449,MODERATE_CENSORING,CENSORED_MODEL_PREFERRED,FULL_10_CAMPAIGNS,False,SINGLE_PARAMETER_LIMIT,CENSOR_AWARE_CONTINUOUS_PRIMARY,True,,,True,NONE,Moderate censoring; primary inference should explicitly account for left-censoring.
METALS::Cobalto::mg/L,METALS,Cobalto,mg/L,136,99,37,136,130,41,10,2,1e-05,3e-05,3e-05,2e-05,0.0001,0.00082,27.205882352941178,MODERATE_CENSORING,CENSORED_MODEL_PREFERRED,FULL_10_CAMPAIGNS,True,USE_OBSERVATION_SPECIFIC_LIMIT,CENSOR_AWARE_CONTINUOUS_PRIMARY,True,,,True,NONE,Moderate censoring; primary inference should explicitly account for left-censoring.
AC::NH4_MEQ::meq/L,AC,NH4_MEQ,meq/L,138,102,36,138,131,41,10,1,0.01,0.01,0.01,0.01,0.02,0.24,26.08695652173913,MODERATE_CENSORING,CENSORED_MODEL_PREFERRED,FULL_10_CAMPAIGNS,False,SINGLE_PARAMETER_LIMIT,CENSOR_AWARE_CONTINUOUS_PRIMARY,True,,,True,NONE,Moderate censoring; primary inference should explicitly account for left-censoring.
COLIFORMS::Fecal/thermotolerant coliforms::NMP/100 mL,COLIFORMS,Fecal/thermotolerant coliforms,NMP/100 mL,73,54,19,73,71,20,10,1,1.8,1.8,1.8,4.5,23.0,790.0,26.02739726027397,MODERATE_CENSORING,CENSORED_MODEL_PREFERRED,FULL_10_CAMPAIGNS,False,SINGLE_PARAMETER_LIMIT,CENSOR_AWARE_CONTINUOUS_PRIMARY,True,,,True,NONE,Moderate censoring; primary inference should explicitly account for left-censoring.
METALS::Vanadio::mg/L,METALS,Vanadio,mg/L,136,102,34,136,130,41,10,2,0.0001,0.0003,0.0003,0.0002,0.0022,0.0148,25.0,MODERATE_CENSORING,CENSORED_MODEL_PREFERRED,FULL_10_CAMPAIGNS,True,USE_OBSERVATION_SPECIFIC_LIMIT,CENSOR_AWARE_CONTINUOUS_PRIMARY,True,,,True,NONE,Moderate censoring; primary inference should explicitly account for left-censoring.
AC::SO4_ppm::mg/L,AC,SO4_ppm,mg/L,138,109,29,138,131,41,10,1,3.0,3.0,3.0,3.17,28.69,129.77,21.014492753623188,MODERATE_CENSORING,CENSORED_MODEL_PREFERRED,FULL_10_CAMPAIGNS,False,SINGLE_PARAMETER_LIMIT,CENSOR_AWARE_CONTINUOUS_PRIMARY,True,,,True,NONE,Moderate censoring; primary inference should explicitly account for left-censoring.
METALS::Titanio::mg/L,METALS,Titanio,mg/L,136,110,26,136,130,41,10,2,0.0002,0.0006,0.0006,0.0007,0.0024999999999999,0.0479,19.11764705882353,LOW_CENSORING,CONTINUOUS_WITH_CENSOR_AWARE_SENSITIVITY,FULL_10_CAMPAIGNS,True,USE_OBSERVATION_SPECIFIC_LIMIT,CONTINUOUS_WITH_CENSOR_SENSITIVITY,True,,,True,NONE,Low censoring; continuous inference may be used with censor-aware sensitivity analysis.
METALS::Aluminio::mg/L,METALS,Aluminio,mg/L,136,114,22,136,130,41,10,2,0.001,0.003,0.003,0.004,0.0285,1.774,16.176470588235293,LOW_CENSORING,CONTINUOUS_WITH_CENSOR_AWARE_SENSITIVITY,FULL_10_CAMPAIGNS,True,USE_OBSERVATION_SPECIFIC_LIMIT,CONTINUOUS_WITH_CENSOR_SENSITIVITY,True,,,True,NONE,Low censoring; continuous inference may be used with censor-aware sensitivity analysis.
AC::Mg::meq/L,AC,Mg,meq/L,138,116,22,138,131,41,10,1,0.08,0.08,0.08,0.08,0.51,1.85,15.942028985507246,LOW_CENSORING,CONTINUOUS_WITH_CENSOR_AWARE_SENSITIVITY,FULL_10_CAMPAIGNS,False,SINGLE_PARAMETER_LIMIT,CONTINUOUS_WITH_CENSOR_SENSITIVITY,True,,,True,NONE,Low censoring; continuous inference may be used with censor-aware sensitivity analysis.
AC::Mg::mg/L,AC,Mg,mg/L,138,116,22,138,131,41,10,1,1.0,1.0,1.0,1.01,6.205,22.52,15.942028985507246,LOW_CENSORING,CONTINUOUS_WITH_CENSOR_AWARE_SENSITIVITY,FULL_10_CAMPAIGNS,False,SINGLE_PARAMETER_LIMIT,CONTINUOUS_WITH_CENSOR_SENSITIVITY,True,,,True,NONE,Low censoring; continuous inference may be used with censor-aware sensitivity analysis.
METALS::Molibdeno::mg/L,METALS,Molibdeno,mg/L,136,115,21,136,130,41,10,2,2e-05,6e-05,6e-05,7e-05,0.00099,0.00394,15.441176470588236,LOW_CENSORING,CONTINUOUS_WITH_CENSOR_AWARE_SENSITIVITY,FULL_10_CAMPAIGNS,True,USE_OBSERVATION_SPECIFIC_LIMIT,CONTINUOUS_WITH_CENSOR_SENSITIVITY,True,,,True,NONE,Low censoring; continuous inference may be used with censor-aware sensitivity analysis.
METALS::Hierro::mg/L,METALS,Hierro,mg/L,136,116,20,136,130,41,10,2,0.0004,0.0013,0.0013,0.0004,0.0404999999999999,1.1083,14.705882352941176,LOW_CENSORING,CONTINUOUS_WITH_CENSOR_AWARE_SENSITIVITY,FULL_10_CAMPAIGNS,True,USE_OBSERVATION_SPECIFIC_LIMIT,CONTINUOUS_WITH_CENSOR_SENSITIVITY,True,,,True,NONE,Low censoring; continuous inference may be used with censor-aware sensitivity analysis.
METALS::Cobre::mg/L,METALS,Cobre,mg/L,136,121,15,136,130,41,10,1,9e-05,9e-05,9e-05,4e-05,0.00098,0.01325,11.029411764705882,LOW_CENSORING,CONTINUOUS_WITH_CENSOR_AWARE_SENSITIVITY,FULL_10_CAMPAIGNS,False,SINGLE_PARAMETER_LIMIT,CONTINUOUS_WITH_CENSOR_SENSITIVITY,True,,,True,NONE,Low censoring; continuous inference may be used with censor-aware sensitivity analysis.
AC::Cl_meq::meq/L,AC,Cl_meq,meq/L,138,124,14,138,131,41,10,1,0.03,0.03,0.03,0.03,0.26,2.84,10.144927536231885,LOW_CENSORING,CONTINUOUS_WITH_CENSOR_AWARE_SENSITIVITY,FULL_10_CAMPAIGNS,False,SINGLE_PARAMETER_LIMIT,CONTINUOUS_WITH_CENSOR_SENSITIVITY,True,,,True,NONE,Low censoring; continuous inference may be used with censor-aware sensitivity analysis.
METALS::Uranio::mg/L,METALS,Uranio,mg/L,136,124,12,136,130,41,10,2,3e-06,1e-05,1e-05,1.2e-05,0.0005275,0.011605,8.823529411764707,LOW_CENSORING,CONTINUOUS_WITH_CENSOR_AWARE_SENSITIVITY,FULL_10_CAMPAIGNS,True,USE_OBSERVATION_SPECIFIC_LIMIT,CONTINUOUS_WITH_CENSOR_SENSITIVITY,True,,,True,NONE,Low censoring; continuous inference may be used with censor-aware sensitivity analysis.
AC::NH4::mg/L,AC,NH4,mg/L,138,129,9,138,131,41,10,1,0.01,0.01,0.01,0.03,0.29,4.32,6.521739130434782,LOW_CENSORING,CONTINUOUS_WITH_CENSOR_AWARE_SENSITIVITY,FULL_10_CAMPAIGNS,False,SINGLE_PARAMETER_LIMIT,CONTINUOUS_WITH_CENSOR_SENSITIVITY,True,,,True,NONE,Low censoring; continuous inference may be used with censor-aware sensitivity analysis.
METALS::Arsénico::mg/L,METALS,Arsénico,mg/L,136,128,8,136,130,41,10,2,3e-05,0.0001,0.0001,0.0001,0.00361,0.06639,5.882352941176471,LOW_CENSORING,CONTINUOUS_WITH_CENSOR_AWARE_SENSITIVITY,FULL_10_CAMPAIGNS,True,USE_OBSERVATION_SPECIFIC_LIMIT,CONTINUOUS_WITH_CENSOR_SENSITIVITY,True,,,True,NONE,Low censoring; continuous inference may be used with censor-aware sensitivity analysis.
AC::Cl¯::mg/L,AC,Cl¯,mg/L,138,130,8,138,131,41,10,1,1.0,1.0,1.0,1.0,8.0,101.0,5.797101449275362,LOW_CENSORING,CONTINUOUS_WITH_CENSOR_AWARE_SENSITIVITY,FULL_10_CAMPAIGNS,False,SINGLE_PARAMETER_LIMIT,CONTINUOUS_WITH_CENSOR_SENSITIVITY,True,,,True,NONE,Low censoring; continuous inference may be used with censor-aware sensitivity analysis.
COLIFORMS::Total coliforms::NMP/100 mL,COLIFORMS,Total coliforms,NMP/100 mL,73,69,4,73,71,20,10,1,1.8,1.8,1.8,4.0,230.0,16000.0,5.47945205479452,LOW_CENSORING,CONTINUOUS_WITH_CENSOR_AWARE_SENSITIVITY,FULL_10_CAMPAIGNS,False,SINGLE_PARAMETER_LIMIT,CONTINUOUS_WITH_CENSOR_SENSITIVITY,True,,,True,NONE,Low censoring; continuous inference may be used with censor-aware sensitivity analysis.
METALS::Litio::mg/L,METALS,Litio,mg/L,136,133,3,136,130,41,10,1,0.0003,0.0003,0.0003,0.0004,0.0099,0.2155,2.2058823529411766,LOW_CENSORING,CONTINUOUS_POSSIBLE_LOW_CENSORING,FULL_10_CAMPAIGNS,False,SINGLE_PARAMETER_LIMIT,CONTINUOUS_LOW_CENSORING,True,,,True,NONE,"Very low censoring; continuous analysis is permissible, while preserving censored observations in sensitivity checks."
METALS::Manganeso::mg/L,METALS,Manganeso,mg/L,136,134,2,136,130,41,10,1,0.0001,0.0001,0.0001,0.0003,0.00934,1.17206,1.4705882352941178,LOW_CENSORING,CONTINUOUS_POSSIBLE_LOW_CENSORING,FULL_10_CAMPAIGNS,False,SINGLE_PARAMETER_LIMIT,CONTINUOUS_LOW_CENSORING,True,,,True,NONE,"Very low censoring; continuous analysis is permissible, while preserving censored observations in sensitivity checks."
METALS::Potasio::mg/L,METALS,Potasio,mg/L,136,134,2,136,130,41,10,1,0.13,0.13,0.13,0.17,1.83,16.76,1.4705882352941178,LOW_CENSORING,CONTINUOUS_POSSIBLE_LOW_CENSORING,FULL_10_CAMPAIGNS,False,SINGLE_PARAMETER_LIMIT,CONTINUOUS_LOW_CENSORING,True,,,True,NONE,"Very low censoring; continuous analysis is permissible, while preserving censored observations in sensitivity checks."
AC::C.E._SOL::dS/m,AC,C.E._SOL,dS/m,138,138,0,138,131,41,10,0,,,,0.03,0.3,1.09,0.0,NO_CENSORING,STANDARD_CONTINUOUS,FULL_10_CAMPAIGNS,False,NOT_APPLICABLE_NO_CENSORING,STANDARD_CONTINUOUS,True,,,True,NONE,No censored observations; conventional continuous analysis is permissible from a censoring perspective.
AC::Ca::meq/L,AC,Ca,meq/L,138,138,0,138,131,41,10,0,,,,0.23,2.31,7.47,0.0,NO_CENSORING,STANDARD_CONTINUOUS,FULL_10_CAMPAIGNS,False,NOT_APPLICABLE_NO_CENSORING,STANDARD_CONTINUOUS,True,,,True,NONE,No censored observations; conventional continuous analysis is permissible from a censoring perspective.
AC::Ca::mg/L,AC,Ca,mg/L,138,138,0,138,131,41,10,0,,,,5.0,46.0,150.0,0.0,NO_CENSORING,STANDARD_CONTINUOUS,FULL_10_CAMPAIGNS,False,NOT_APPLICABLE_NO_CENSORING,STANDARD_CONTINUOUS,True,,,True,NONE,No censored observations; conventional continuous analysis is permissible from a censoring perspective.
AC::DUREZA::ppm,AC,DUREZA,ppm,138,138,0,138,131,41,10,0,,,,13.0,144.5,455.0,0.0,NO_CENSORING,STANDARD_CONTINUOUS,FULL_10_CAMPAIGNS,False,NOT_APPLICABLE_NO_CENSORING,STANDARD_CONTINUOUS,True,,,True,NONE,No censored observations; conventional continuous analysis is permissible from a censoring perspective.
AC::Dureza::°fH,AC,Dureza,°fH,138,138,0,138,131,41,10,0,,,,1.3,14.45,45.5,0.0,NO_CENSORING,STANDARD_CONTINUOUS,FULL_10_CAMPAIGNS,False,NOT_APPLICABLE_NO_CENSORING,STANDARD_CONTINUOUS,True,,,True,NONE,No censored observations; conventional continuous analysis is permissible from a censoring perspective.
AC::HCO3::meq/L,AC,HCO3,meq/L,138,138,0,138,131,41,10,0,,,,0.392,1.91,8.005,0.0,NO_CENSORING,STANDARD_CONTINUOUS,FULL_10_CAMPAIGNS,False,NOT_APPLICABLE_NO_CENSORING,STANDARD_CONTINUOUS,True,,,True,NONE,No censored observations; conventional continuous analysis is permissible from a censoring perspective.
AC::HCO3_PPM::mg/L,AC,HCO3_PPM,mg/L,138,138,0,138,131,41,10,0,,,,23.91,116.51,488.31,0.0,NO_CENSORING,STANDARD_CONTINUOUS,FULL_10_CAMPAIGNS,False,NOT_APPLICABLE_NO_CENSORING,STANDARD_CONTINUOUS,True,,,True,NONE,No censored observations; conventional continuous analysis is permissible from a censoring perspective.
AC::Na::meq/L,AC,Na,meq/L,138,138,0,138,131,41,10,0,,,,0.05,0.445,5.35,0.0,NO_CENSORING,STANDARD_CONTINUOUS,FULL_10_CAMPAIGNS,False,NOT_APPLICABLE_NO_CENSORING,STANDARD_CONTINUOUS,True,,,True,NONE,No censored observations; conventional continuous analysis is permissible from a censoring perspective.
AC::Na::mg/L,AC,Na,mg/L,138,138,0,138,131,41,10,0,,,,1.07,10.21,123.08,0.0,NO_CENSORING,STANDARD_CONTINUOUS,FULL_10_CAMPAIGNS,False,NOT_APPLICABLE_NO_CENSORING,STANDARD_CONTINUOUS,True,,,True,NONE,No censored observations; conventional continuous analysis is permissible from a censoring perspective.
AC::Na %::%,AC,Na %,%,138,138,0,138,131,41,10,0,,,,1.21,19.765,48.11,0.0,NO_CENSORING,STANDARD_CONTINUOUS,FULL_10_CAMPAIGNS,False,NOT_APPLICABLE_NO_CENSORING,STANDARD_CONTINUOUS,True,,,True,NONE,No censored observations; conventional continuous analysis is permissible from a censoring perspective.
AC::RAS::NO_UNIT,AC,RAS,,138,138,0,138,131,41,10,0,,,,0.04,0.425,3.01,0.0,NO_CENSORING,STANDARD_CONTINUOUS,FULL_10_CAMPAIGNS,False,NOT_APPLICABLE_NO_CENSORING,STANDARD_CONTINUOUS,True,,,True,NONE,No censored observations; conventional continuous analysis is permissible from a censoring perspective.
AC::Suma_Aniones::meq/L,AC,Suma_Aniones,meq/L,138,138,0,138,131,41,10,0,,,,0.44,3.105,11.3,0.0,NO_CENSORING,STANDARD_CONTINUOUS,FULL_10_CAMPAIGNS,False,NOT_APPLICABLE_NO_CENSORING,STANDARD_CONTINUOUS,True,,,True,NONE,No censored observations; conventional continuous analysis is permissible from a censoring perspective.
AC::Suma_Cationes::meq/L,AC,Suma_Cationes,meq/L,138,138,0,138,131,41,10,0,,,,0.35,3.435,11.99,0.0,NO_CENSORING,STANDARD_CONTINUOUS,FULL_10_CAMPAIGNS,False,NOT_APPLICABLE_NO_CENSORING,STANDARD_CONTINUOUS,True,,,True,NONE,No censored observations; conventional continuous analysis is permissible from a censoring perspective.
AC::pH_SOL::NO_UNIT,AC,pH_SOL,,138,138,0,138,131,41,10,0,,,,7.3,8.0,9.3,0.0,NO_CENSORING,STANDARD_CONTINUOUS,FULL_10_CAMPAIGNS,False,NOT_APPLICABLE_NO_CENSORING,STANDARD_CONTINUOUS,True,,,True,NONE,No censored observations; conventional continuous analysis is permissible from a censoring perspective.
METALS::Bario::mg/L,METALS,Bario,mg/L,136,136,0,136,130,41,10,0,,,,0.0037,0.06415,0.3179,0.0,NO_CENSORING,STANDARD_CONTINUOUS,FULL_10_CAMPAIGNS,False,NOT_APPLICABLE_NO_CENSORING,STANDARD_CONTINUOUS,True,,,True,NONE,No censored observations; conventional continuous analysis is permissible from a censoring perspective.
METALS::Calcio::mg/L,METALS,Calcio,mg/L,136,136,0,136,130,41,10,0,,,,3.963,40.185500000000005,158.747,0.0,NO_CENSORING,STANDARD_CONTINUOUS,FULL_10_CAMPAIGNS,False,NOT_APPLICABLE_NO_CENSORING,STANDARD_CONTINUOUS,True,,,True,NONE,No censored observations; conventional continuous analysis is permissible from a censoring perspective.
METALS::Estroncio::mg/L,METALS,Estroncio,mg/L,136,136,0,136,130,41,10,0,,,,0.01,0.18995,1.1051,0.0,NO_CENSORING,STANDARD_CONTINUOUS,FULL_10_CAMPAIGNS,False,NOT_APPLICABLE_NO_CENSORING,STANDARD_CONTINUOUS,True,,,True,NONE,No censored observations; conventional continuous analysis is permissible from a censoring perspective.
METALS::Magnesio::mg/L,METALS,Magnesio,mg/L,136,136,0,136,130,41,10,0,,,,0.385,5.3345,26.308,0.0,NO_CENSORING,STANDARD_CONTINUOUS,FULL_10_CAMPAIGNS,False,NOT_APPLICABLE_NO_CENSORING,STANDARD_CONTINUOUS,True,,,True,NONE,No censored observations; conventional continuous analysis is permissible from a censoring perspective.
METALS::Silice::mg/L,METALS,Silice,mg/L,35,35,0,35,35,21,3,0,,,,6.97,24.97,64.25,0.0,NO_CENSORING,STANDARD_CONTINUOUS,LIMITED_LT5_CAMPAIGNS,False,NOT_APPLICABLE_NO_CENSORING,STANDARD_CONTINUOUS,True,LIMITED_TEMPORAL_COVERAGE,"35 detected records across only 3 campaigns. Quantitative when available, but insufficient temporal coverage for the main 10-campaign hydroclimatic-memory analysis.",False,SEVERE_TEMPORAL_LIMITATION,No censored observations; conventional continuous analysis is permissible from a censoring perspective.
METALS::Silicio::mg/L,METALS,Silicio,mg/L,136,136,0,136,130,41,10,0,,,,1.094,9.8295,34.246,0.0,NO_CENSORING,STANDARD_CONTINUOUS,FULL_10_CAMPAIGNS,False,NOT_APPLICABLE_NO_CENSORING,STANDARD_CONTINUOUS,True,FULL_COVERAGE_SILICON,"136 detected records across all 10 campaigns; preferable to sparse Silice for temporal inference, subject to chemical-definition verification.",True,NONE,No censored observations; conventional continuous analysis is permissible from a censoring perspective.
METALS::Sodio::mg/L,METALS,Sodio,mg/L,136,136,0,136,130,41,10,0,,,,0.857,9.599,115.494,0.0,NO_CENSORING,STANDARD_CONTINUOUS,FULL_10_CAMPAIGNS,False,NOT_APPLICABLE_NO_CENSORING,STANDARD_CONTINUOUS,True,,,True,NONE,No censored observations; conventional continuous analysis is permissible from a censoring perspective.
