field_observation_id,physical_station_id_v1,station_raw,site_name_raw,sampling_date,campaign_id,hydrometry_method,hydrometry_method_raw,n_velocity_measurements,velocity_mean,velocity_median,velocity_min,velocity_max,cross_section_area_numeric,discharge_observed,discharge_reconstructed,discharge_best_available,discharge_source,q_is_reconstructed,q_primary_observed_only,q_extended_best_available,q_reconstruction_error_pct
FIELD_20230314_RC01_01,RC01,RC01,Lower Cachi - Puente Allccomachay,2023-03-14,C01,,,0,,,,,46.97,35.228,,35.228,OBSERVED,False,True,True,
FIELD_20230315_Q1.1L_01,Q1.1L,Q1.1L,Lower Opanccay - Boca Opanccay1,2023-03-15,C01,,,5,0.22200000000000003,0.24,0.15,0.27,0.22,0.048,,0.048,OBSERVED,False,True,True,1.7500000000000155
FIELD_20230316_Q1.2S.U1_01,Q1.2S.U1,Q1.2S.U1,Middle S.Opanccay - Sirenacchayoc Alto,2023-03-16,C01,,,5,0.358,0.4,0.01,0.65,1.03,0.362,,0.362,OBSERVED,False,True,True,1.8618784530386807
FIELD_20230317_Q2.1M_01,Q2.1M,Q2.1M ,Lower Huanta - Boca Huanta,2023-03-17,C01,,,5,0.458,0.4,0.3,0.74,0.49,0.227,,0.227,OBSERVED,False,True,True,1.1365638766519819
FIELD_20230318_Q2.2.U_01,Q2.2.U,Q2.2.U,Middle Huanta - Catarata Occachaca,2023-03-18,C01,GF,GF,5,0.736,0.88,0.17,1.24,1.57,1.162,,1.162,OBSERVED,False,True,True,0.5576592082616023
FIELD_20230319_Q2.3.U_01,Q2.3.U,Q2.3.U,Upper Huanta - below Rasuhuillca,2023-03-19,C01,GF,GF,5,1.388,1.35,0.84,1.95,0.52,0.717,,0.717,OBSERVED,False,True,True,0.6638772663877248
FIELD_20230319_Q2.4_01,Q2.4,Q2.4,Upper Huanta - above Rasuhuillca,2023-03-19,C01,GF,GF,5,1.272,1.45,0.31,1.95,0.46,0.578,,0.578,OBSERVED,False,True,True,1.2318339100346238
FIELD_20230320_Q3.1_01,Q3.1,Q3.1,Lower Huamanguilla - Cangari,2023-03-20,C01,GF,GF,5,0.8720000000000001,1.19,0.13,1.45,2.04,1.775,,1.775,OBSERVED,False,True,True,0.2185915492957931
FIELD_20230320_RC02_01,RC02,RC02,Upper Cachi - Cangari,2023-03-20,C01,GF,GF,5,1.242,1.29,0.55,2.0,27.25,33.845,,33.845,OBSERVED,False,True,True,0.0014773230905669595
FIELD_20230321_Q1.3N_01,Q1.3N,Q1.3N,Upper Opanccay Norte  Alto,2023-03-21,C01,GF,GF,5,0.516,0.34,0.16,0.98,1.21,0.627,,0.627,OBSERVED,False,True,True,0.42105263157894346
FIELD_20230322_Q3.2M_01,Q3.2M,Q3.2M,Middle Huamanguilla - Puente Ayahuarcuna,2023-03-22,C01,GF,GF,5,0.246,0.23,0.16,0.32,1.29,0.322,,0.322,OBSERVED,False,True,True,1.4472049689440987
FIELD_20230323_Q3.3.U_01,Q3.3.U,Q3.3.U,Upper Huamanguilla - Yanacocha,2023-03-23,C01,GF,GF,0,,,,,0.18,0.002,,0.002,OBSERVED,False,True,True,
FIELD_20230324_MH01_01,MH01,MH01, ,2023-03-24,C01,GF,GF,3,0.6833333333333332,0.65,0.6,0.8,0.12,0.08,,0.08,OBSERVED,False,True,True,2.499999999999985
FIELD_20230617_RC01_01,RC01,RC01,Lower Cachi - Puente Allccomachay,2023-06-17,C02,GF,GF,5,0.324,0.32,0.1,0.6,12.51,4.003,,4.003,OBSERVED,False,True,True,1.2550587059705125
FIELD_20230618_Q1.1L_01,Q1.1L,Q1.1L,Lower Opanccay - Boca Opanccay1,2023-06-18,C02,GF,GF,5,0.516,0.41,0.36,0.72,0.43,0.226,,0.226,OBSERVED,False,True,True,1.8230088495575276
FIELD_20230619_Q2.1M_01,Q2.1M,Q2.1M,Lower Huanta - Boca Huanta,2023-06-19,C02,GF,GF,6,0.5633333333333334,0.59,0.0,1.0,0.55,0.274,,0.274,OBSERVED,False,True,True,13.077858880778587
FIELD_20230620_Q3.1_01,Q3.1,Q3.1,Lower Huamanguilla - Cangari,2023-06-20,C02,GF,GF,5,0.21200000000000002,0.26,0.0,0.36,0.59,0.123,,0.123,OBSERVED,False,True,True,1.6910569105691047
FIELD_20230620_RC02_01,RC02,RC02,Upper Cachi - Cangari,2023-06-20,C02,GF,GF,5,0.388,0.3,0.19,0.78,8.32,3.576,,3.576,OBSERVED,False,True,True,9.727069351230416
FIELD_20230621_Q1.2S.U1_01,Q1.2S.U1,Q1.2S.U1,Middle S.Opanccay - Sirenacchayoc Alto,2023-06-21,C02,GF,GF,5,0.188,0.17,0.14,0.29,0.58,0.111,,0.111,OBSERVED,False,True,True,1.7657657657657688
FIELD_20230621_Q2.2.M_01,Q2.2.M,Q2.2.M,Middle Huanta - Bocatoma Rosastoma,2023-06-21,C02,GF,GF,5,0.43600000000000005,0.41,0.27,0.63,0.26,0.116,,0.116,OBSERVED,False,True,True,2.275862068965508
FIELD_20230622_Q3.2M_01,Q3.2M,Q3.2M,Middle Huamanguilla - Puente Ayahuarcuna,2023-06-22,C02,GF,GF,5,0.17,0.14,0.01,0.4,0.17,0.029,,0.029,OBSERVED,False,True,True,0.3448275862068825
FIELD_20230623_Q3.3.L_01,Q3.3.L,Q3.3.L,Upper Huamanguilla-Iguian - above Cora Cora,2023-06-23,C02,GF,GF,3,0.049999999999999996,0.0,0.0,0.15,0.16,0.008,,0.008,OBSERVED,False,True,True,0.0
FIELD_20230623_Q3.3.L_02,Q3.3.L,Q3.3.L,(25m upstream from Q3.3L),2023-06-23,C02,,,0,,,,,,,,,MISSING,False,False,False,
FIELD_20230624_Q1.3N_01,Q1.3N,Q1.3N,Upper Opanccay Norte  Alto,2023-06-24,C02,GF,GF,5,0.38,0.24,0.16,0.96,0.44,0.168,,0.168,OBSERVED,False,True,True,0.4761904761904733
FIELD_20230625_Q2.3.U_01,Q2.3.U,Q2.3.U,Upper Huanta - below Razuhillca,2023-06-25,C02,GF,GF,5,0.8019999999999999,0.64,0.28,1.51,0.36,0.288,,0.288,OBSERVED,False,True,True,0.24999999999999947
FIELD_20230625_Q2.4_01,Q2.4,Q2.4,Upper Huanta - above Razuhillca,2023-06-25,C02,GF,GF,5,0.784,0.9,0.28,1.1,0.36,0.284,,0.284,OBSERVED,False,True,True,0.6197183098591493
FIELD_20231118_RC01_01,RC01,RC01,Lower Cachi - Puente Allccomachay,2023-11-18,C03,GF,GF,5,0.702,0.7,0.52,0.96,20.776,14.585,,14.585,OBSERVED,False,True,True,0.0017003770997784744
FIELD_20231119_Q1.1U_01,Q1.1U,Q1.1U,Lower Opanccay - Boca Opanccay2,2023-11-19,C03,GF,GF,5,0.6799999999999999,0.48,0.02,1.4,0.518,0.352,,0.352,OBSERVED,False,True,True,0.0681818181818233
FIELD_20231119_Q1.2S.U1_01,Q1.2S.U1,Q1.2S.U1,Middle S.Opanccay - Sirenacchayoc Alto,2023-11-19,C03,GF,GF,5,0.23399999999999999,0.25,0.16,0.28,0.486,0.114,,0.114,OBSERVED,False,True,True,0.24210526315790554
FIELD_20231120_Q1.3N_01,Q1.3N,Q1.3N,Upper Opanccay Norte  Alto,2023-11-20,C03,GF,GF,5,0.29,0.29,0.17,0.43,0.284,0.082,,0.082,OBSERVED,False,True,True,0.4390243902438845
FIELD_20231121_Q2.1L1_01,Q2.1L1,Q2.1L1,Lower Huanta - Boca Huanta,2023-11-21,C03,GF,GF,5,0.508,0.68,0.01,0.96,0.094,0.048,,0.048,OBSERVED,False,True,True,0.5166666666666629
FIELD_20231122_Q2.3.U_01,Q2.3.U,Q2.3.U,Upper Huanta - below Razuhillca,2023-11-22,C03,GF,GF,5,1.234,1.32,0.72,1.63,0.253,0.311,,0.311,OBSERVED,False,True,True,0.3864951768488684
FIELD_20231122_Q2.4_01,Q2.4,Q2.4,Upper Huanta - above Razuhillca,2023-11-22,C03,GF,GF,5,0.526,0.48,0.21,1.08,0.323,0.171,,0.171,OBSERVED,False,True,True,0.6444444444444397
FIELD_20231123_Q3.1_01,Q3.1,Q3.1,Lower Huamanguilla - Cangari,2023-11-23,C03,GF,GF,5,0.05,0.02,0.01,0.18,0.254,0.013,,0.013,OBSERVED,False,True,True,2.307692307692294
FIELD_20231123_RC02_01,RC02,RC02,Upper Cachi - Cangari,2023-11-23,C03,GF,GF,5,0.384,0.45,0.14,0.62,4.889,1.877,,1.877,OBSERVED,False,True,True,0.020031965903044964
FIELD_20231124_Q2.2.M_01,Q2.2.M,Q2.2.M,Middle Huanta - Bocatoma Rosastoma,2023-11-24,C03,0,0,5,0.05600000000000001,0.07,0.0,0.1,0.133,0.007,,0.007,OBSERVED,False,True,True,6.40000000000002
FIELD_20231124_Q3.2M_01,Q3.2M,Q3.2M,Middle Huamanguilla - Puente Ayahuarcuna,2023-11-24,C03,GF,GF,5,0.13999999999999999,0.1,0.02,0.32,0.157,0.022,,0.022,OBSERVED,False,True,True,0.0909090909090872
FIELD_20231126_Q1.2N.U2_01,Q1.2N.U2,Q1.2N.U2,Middle Opanccay Norte - Luricocha Alto,2023-11-26,C03,GF,GF,5,0.398,0.43,0.19,0.65,0.331,0.132,,0.132,OBSERVED,False,True,True,0.19848484848483672
FIELD_20231127_Q3.3.M_01,Q3.3.M,Q3.3.M,Upper Huamanguilla-Iguian - above Huamanguilla,2023-11-27,C03,GF,GF,5,0.5980000000000001,0.65,0.02,1.1,0.616,0.37,,0.37,OBSERVED,False,True,True,0.4410810810810721
FIELD_20231128_MH01_01,MH01,MH01,Huapar manantial (Water measurements taken in lake / Channel measurements in outflow),2023-11-28,C03,GF,GF,4,1.245,1.315,0.95,1.4,0.026,0.032,,0.032,OBSERVED,False,True,True,1.156250000000007
FIELD_20240317_RC01_01,RC01,RC01,Lower Cachi - Puente Allccomachay,2024-03-17,C04,GF,GF,5,0.688,0.65,0.49,0.95,63.13,43.433,,43.433,OBSERVED,False,True,True,0.001013054589822378
FIELD_20240318_Q1.1U_01,Q1.1U,Q1.1U,Lower Opanccay - Boca Opanccay2,2024-03-18,C04,GF,GF,5,0.374,0.38,0.18,0.56,0.418,0.155,,0.155,OBSERVED,False,True,True,0.8593548387096772
FIELD_20240319_Q1.2N.M_01,Q1.2N.M__LOC1,Q1.2N.M,Middle Opanccay Norte - in Luricocha,2024-03-19,C04,GF,GF,5,0.538,0.4,0.18,0.92,0.787,0.425,,0.425,OBSERVED,False,True,True,0.375058823529395
FIELD_20240319_Q1.2S.U1_01,Q1.2S.U1,Q1.2S.U1,Middle S.Opanccay - Sirenacchayoc Alto,2024-03-19,C04,GF,GF,5,0.714,0.7,0.35,0.95,1.674,1.189,,1.189,OBSERVED,False,True,True,0.52447434819175
FIELD_20240320_Q3.1_01,Q3.1,Q3.1,Lower Huamanguilla - Cangari,2024-03-20,C04,GF,GF,5,0.8779999999999999,1.02,0.2,1.14,1.944,1.707,,1.707,OBSERVED,False,True,True,0.00984182776803691
FIELD_20240320_RC02_01,RC02,RC02,Upper Cachi - Cangari,2024-03-20,C04,GF,GF,5,1.2899999999999998,1.03,0.65,2.02,21.96,28.328,,28.328,OBSERVED,False,True,True,0.001412030499855506
FIELD_20240321_Q3.2M_01,Q3.2M,Q3.2M,Middle Huamanguilla - Puente Ayahuarcuna,2024-03-21,C04,GF,GF,5,0.6439999999999999,0.66,0.36,0.86,1.512,0.966,,0.966,OBSERVED,False,True,True,0.7999999999999841
FIELD_20240321_Q3.3.L_01,Q3.3.L,Q3.3.L,Upper Huamanguilla-Iguian - above Cora Cora,2024-03-21,C04,GF,GF,5,0.766,0.78,0.6,0.9,0.953,0.734,,0.734,OBSERVED,False,True,True,0.545231607629421
FIELD_20240323_Q1.3N_01,Q1.3N,Q1.3N,Upper Opanccay Norte  Alto,2024-03-23,C04,GF,GF,5,0.852,0.96,0.43,0.99,1.47,1.25,,1.25,OBSERVED,False,True,True,0.19519999999999982
FIELD_20240323_Q1.3S.U_01,Q1.3S.U,Q1.3S.U,Upper Opanccay Sur Alto,2024-03-23,C04,GF,GF,5,0.794,0.82,0.45,1.14,0.92,0.727,,0.727,OBSERVED,False,True,True,0.47867950481431065
FIELD_20240324_Q2.2.L2_01,Q2.2.L2,Q2.2.L2,Middle Huanta - Puente Chacco,2024-03-24,C04,GF,GF,5,0.458,0.4,0.28,0.7,0.18,0.081,,0.081,OBSERVED,False,True,True,1.777777777777774
FIELD_20240325_Q2.3.U_01,Q2.3.U,Q2.3.U,Upper Huanta - below Razuhillca,2024-03-25,C04,GF,GF,5,1.4020000000000001,1.5,0.4,1.94,0.255,0.357,,0.357,OBSERVED,False,True,True,0.14285714285716133
FIELD_20240325_Q2.4_01,Q2.4,Q2.4,Upper Huanta - above Razuhillca,2024-03-25,C04,GF,GF,5,0.472,0.4,0.12,0.85,0.325,0.153,,0.153,OBSERVED,False,True,True,0.26143790849673954
FIELD_20240327_MH01_01,MH01,MH01,Huapar manantial (Water measurements taken in lake / Channel measurements in outflow),2024-03-27,C04,GF,GF,5,0.9776,1.204,0.554,1.33,0.032,0.029,,0.029,OBSERVED,False,True,True,7.87310344827587
FIELD_20240327_Q2.1L1_01,Q2.1L1,Q2.1L1,Lower Huanta - Boca Huanta,2024-03-27,C04,GF,GF,5,0.706,0.72,0.42,0.93,0.12,0.085,,0.085,OBSERVED,False,True,True,0.32941176470590156
FIELD_20240619_RC01_01,RC01,RC01,Lower Cachi - Puente Allccomachay,2024-06-19,C05,GF,GF,6,0.8516666666666667,0.8,0.6,1.2,26.88,22.848,,22.848,OBSERVED,False,True,True,0.1960784313725585
FIELD_20240620_Q1.1U_01,Q1.1U,Q1.1U,Lower Opanccay - Boca Opanccay2,2024-06-20,C05,GF,GF,4,0.5375,0.525,0.3,0.8,0.966,0.522,,0.522,OBSERVED,False,True,True,0.5316091954023148
FIELD_20240621_Q1.2N.U1_01,Q1.2N.U1,Q1.2N.U1,Middle Opanccay Norte - Luricocha Alto,2024-06-21,C05,GF,GF,5,0.402,0.4,0.19,0.55,0.257,0.098,,0.098,OBSERVED,False,True,True,5.422448979591836
FIELD_20240621_Q1.2S.U1_01,Q1.2S.U1,Q1.2S.U1,Middle S.Opanccay - Sirenacchayoc Alto,2024-06-21,C05,GF,GF,5,0.22599999999999998,0.19,0.14,0.4,0.57,0.131,,0.131,OBSERVED,False,True,True,1.6641221374045916
FIELD_20240623_Q3.1_01,Q3.1,Q3.1,Lower Huamanguilla - Cangari,2024-06-23,C05,GF,GF,5,0.252,0.11,0.02,0.75,0.467,0.117,,0.117,OBSERVED,False,True,True,0.584615384615388
FIELD_20240623_RC02_01,RC02,RC02,Upper Cachi - Cangari,2024-06-23,C05,GF,GF,5,0.8119999999999999,0.9,0.39,1.1,11.21,9.08,,9.08,OBSERVED,False,True,True,0.24801762114537548
FIELD_20240624_Q1.3N_01,Q1.3N,Q1.3N,Upper Opanccay Norte  Alto,2024-06-24,C05,GF,GF,5,0.158,0.17,0.07,0.22,0.43,0.069,,0.069,OBSERVED,False,True,True,1.5362318840579787
FIELD_20240624_Q1.3S.L_01,Q1.3S.L,Q1.3S.L,Upper Opanccay Sur Alto,2024-06-24,C05,GF,GF,4,0.0725,0.065,0.01,0.15,0.243,0.017,,0.017,OBSERVED,False,True,True,3.6323529411764497
FIELD_20240624_Q1.3S.L_02,Q1.3S.L,Q1.3S.L,Upper Opanccay Sur Alto,2024-06-24,C05,,,0,,,,,,,,,MISSING,False,False,False,
FIELD_20240625_Q3.2M_01,Q3.2M,Q3.2M,Middle Huamanguilla - Puente Ayahuarcuna,2024-06-25,C05,GF,GF,5,0.202,0.25,0.01,0.4,0.293,0.059,,0.059,OBSERVED,False,True,True,0.3152542372881451
FIELD_20240626_Q2.1L1_01,Q2.1L1,Q2.1L1,Lower Huanta - Boca Huanta,2024-06-26,C05,GF,GF,4,0.31499999999999995,0.305,0.17,0.48,0.05,0.016,,0.016,OBSERVED,False,True,True,1.5625000000000229
FIELD_20240628_Q3.3.M_01,Q3.3.M,Q3.3.M,Upper Huamanguilla-Iguian - above Huamanguilla,2024-06-28,C05,GF,GF,4,0.1875,0.12,0.03,0.48,0.221,0.042,,0.042,OBSERVED,False,True,True,1.3392857142857155
FIELD_20240629_Q2.2.L1_01,Q2.2.L1,Q2.2.L1,Middle Huanta - San Luis,2024-06-29,C05,GF,GF,5,0.8699999999999999,0.71,0.49,1.5,0.567,0.493,,0.493,OBSERVED,False,True,True,0.05882352941174472
FIELD_20240629_Q2.2.L1_02,Q2.2.L1,Q2.2.L1,Middle Huanta - manantial,2024-06-29,C05,,,0,,,,,,,,,MISSING,False,False,False,
FIELD_20240629_Q2.2.L2_01,Q2.2.L2,Q2.2.L2,Middle Huanta - Puente Chacco,2024-06-29,C05,GF,GF,4,0.02,0.01,0.01,0.05,0.108,0.002,,0.002,OBSERVED,False,True,True,7.999999999999999
FIELD_20240630_Q2.3.U_01,Q2.3.U,Q2.3.U,Upper Huanta - below Razuhillca,2024-06-30,C05,GF,GF,5,0.99,1.23,0.5,1.38,0.264,0.261,,0.261,OBSERVED,False,True,True,0.13793103448276894
FIELD_20240630_Q2.4_01,Q2.4,Q2.4,Upper Huanta - above Razuhillca,2024-06-30,C05,GF,GF,5,0.4959999999999999,0.51,0.4,0.6,0.264,0.132,,0.132,OBSERVED,False,True,True,0.800000000000022
FIELD_20241119_RC01_01,RC01,RC01,Lower Cachi - Puente Allccomachay,2024-11-19,C06,GF,GF,5,0.518,0.6,0.31,0.62,15.6,8.112,,8.112,OBSERVED,False,True,True,0.3846153846153861
FIELD_20241120_Q1.1L_01,Q1.1L,Q1.1L,Lower Opanccay - Boca Opanccay1,2024-11-20,C06,GF,GF,4,0.7725000000000001,0.915,0.14,1.12,0.316,0.243,,0.243,OBSERVED,False,True,True,0.45679012345680153
FIELD_20241124_Q3.1_01,Q3.1,Q3.1,Lower Huamanguilla - Cangari,2024-11-24,C06,GF,GF,5,0.38,0.45,0.01,0.72,0.7,0.265,,0.265,OBSERVED,False,True,True,0.3773584905660171
FIELD_20241124_RC02_01,RC02,RC02,Upper Cachi - Cangari,2024-11-24,C06,GF,GF,5,0.8379999999999999,0.75,0.6,1.34,11.0,9.24,,9.24,OBSERVED,False,True,True,0.23809523809525993
FIELD_20241125_Q1.2N.M_01,Q1.2N.M__LOC1,Q1.2N.M,Middle Opanccay Norte - in Luricocha,2024-11-25,C06,GF,GF,3,0.08666666666666667,0.03,0.01,0.22,0.09,0.008,,0.008,OBSERVED,False,True,True,2.500000000000006
FIELD_20241125_Q1.2N.U1_01,Q1.2N.U1,Q1.2N.U1,Middle Opanccay Norte - Luricocha Alto,2024-11-25,C06,GF,GF,5,0.396,0.19,0.06,0.8,0.402,0.161,,0.161,OBSERVED,False,True,True,1.1229813664596127
FIELD_20241125_Q1.2S.M1_01,Q1.2S.M1,Q1.2S.M1,Middle Opanccay Sur - old L. road bridge,2024-11-25,C06,GF,GF,5,0.55,0.36,0.24,1.31,0.78,0.429,,0.429,OBSERVED,False,True,True,1.2939662291668492e-14
FIELD_20241126_Q2.1L1_01,Q2.1L1,Q2.1L1,Lower Huanta - Boca Huanta,2024-11-26,C06,GF,GF,3,0.93,1.14,0.35,1.3,0.176,0.164,,0.164,OBSERVED,False,True,True,0.19512195121952114
FIELD_20241126_Q2.2.L1_01,Q2.2.L1,Q2.2.L1,Middle Huanta - San Luis,2024-11-26,C06,GF,GF,0,,,,,,,,,MISSING,False,False,False,
FIELD_20241127_Q3.2M_01,Q3.2M,Q3.2M,Middle Huamanguilla - Puente Ayahuarcuna,2024-11-27,C06,GF,GF,5,0.23600000000000004,0.22,0.01,0.5,0.864,0.207,,0.207,OBSERVED,False,True,True,1.4956521739130242
FIELD_20241128_Q3.3.L_01,Q3.3.L,Q3.3.L,Upper Huamanguilla-Iguian - above Cora Cora,2024-11-28,C06,GF,GF,5,0.458,0.48,0.1,0.75,0.329,0.151,,0.151,OBSERVED,False,True,True,0.2105960264900563
FIELD_20241129_Q2.3L_01,Q2.3L,Q2.3L,Upper Huanta - above Occochaca waterfall,2024-11-29,C06,GF,GF,6,0.805,0.635,0.36,2.0,1.323,1.177,,1.177,OBSERVED,False,True,True,9.51444350042481
FIELD_20241130_MH01_01,MH01,MH01,Huapar (Measurements taken in outflow),2024-11-30,C06,VF,VF,3,1.121,1.104,0.695,1.564,0.023,0.026,,0.026,OBSERVED,False,True,True,0.8346153846153787
FIELD_20250218_RC01_01,RC01,RC01,Lower Cachi - Puente Allccomachay,2025-02-18,C07,GF,GF,5,0.766,0.68,0.47,1.1,83.16,63.701,,63.701,OBSERVED,False,True,True,0.000690726990164454
FIELD_20250219_Q1.1L_01,Q1.1L,Q1.1L,Lower Opanccay - Boca Opanccay,2025-02-19,C07,GF,GF,5,1.146,1.05,0.55,1.8,3.114,3.569,,3.569,OBSERVED,False,True,True,0.009974782852352676
FIELD_20250220_Q1.2N.M_01,Q1.2N.M__LOC1,Q1.2N.M,Middle Opanccay Norte - in Luricocha,2025-02-20,C07,GF,GF,5,1.206,1.2,1.03,1.4,1.824,2.207,,2.207,OBSERVED,False,True,True,0.3287720888083339
FIELD_20250220_Q1.2S.M2_01,Q1.2S.M2__LOC1,Q1.2S.M2,Middle Opanccay Sur - Luircocha road ford (Baden),2025-02-20,C07,GF,GF,5,1.07,1.0,0.8,1.5,3.5,3.745,,3.745,OBSERVED,False,True,True,0.0
FIELD_20250221_Q3.1_01,Q3.1,Q3.1,Lower Huamanguilla - Cangari,2025-02-21,C07,GF,GF,5,1.09,1.1,0.05,1.93,3.968,4.325,,4.325,OBSERVED,False,True,True,0.00277456647398608
FIELD_20250221_RC02_01,RC02,RC02,Upper Cachi - Cangari,2025-02-21,C07,GF,GF,5,1.17,1.35,0.5,1.9,34.946,40.887,,40.887,OBSERVED,False,True,True,0.0004402377283914116
FIELD_20250222_Q1.2N.U2_01,Q1.2N.U2,Q1.2N.U2,Middle Opanccay Norte - Luricocha Alto,2025-02-22,C07,GF,GF,5,1.4899999999999998,1.31,0.72,2.58,1.68,2.503,,2.503,OBSERVED,False,True,True,0.007990411506173946
FIELD_20250222_Q1.2S.U1_01,Q1.2S.U1,Q1.2S.U1,Middle S.Opanccay - Sirenacchayoc Alto,2025-02-22,C07,GF,GF,5,0.7060000000000001,0.7,0.08,1.5,2.226,1.581,,1.581,OBSERVED,False,True,True,0.5973434535104228
FIELD_20250223_Q3.2M_01,Q3.2M,Q3.2M,Middle Huamanguilla - Puente Ayahuarcuna,2025-02-23,C07,GF,GF,5,1.4040000000000001,1.21,0.91,2.06,2.94,4.116,,4.116,OBSERVED,False,True,True,0.28571428571430174
FIELD_20250224_Q3.3.L_01,Q3.3.L,Q3.3.L,Upper Huamanguilla-Iguian - above Cora Cora,2025-02-24,C07,GF,GF,5,1.406,1.4,0.7,2.1,2.28,3.215,,3.215,OBSERVED,False,True,True,0.2898911353032727
FIELD_20250225_MAN12_01,MAN12,MAN12,Bajo Huanta (above ford / baden),2025-02-25,C07,GF,GF,0,,,,,,,,,MISSING,False,False,False,
FIELD_20250225_Q2.1U_01,Q2.1U__LOC1,Q2.1U,Lower Huanta - Boca Huanta,2025-02-25,C07,GF,GF,5,1.4600000000000002,1.15,0.5,2.35,1.025,1.5,,1.5,OBSERVED,False,True,True,0.23333333333332243
FIELD_20250226_Q2.2.L1_01,Q2.2.L1,Q2.2.L1,Middle Huanta - San Luis,2025-02-26,C07,GF,GF,5,0.382,0.41,0.16,0.54,2.1,0.798,,0.798,OBSERVED,False,True,True,0.5263157894736818
FIELD_20250226_Q2.3L_01,Q2.3L,Q2.3L,Upper Huanta - above Occochaca waterfall,2025-02-26,C07,GF,GF,5,1.184,1.37,0.27,1.83,1.68,1.982,,1.982,OBSERVED,False,True,True,0.3592330978809179
FIELD_20250227_IC01_01,IC01,IC01,Irrigation canal - Azangaro Chico,2025-02-27,C07,GF,GF,0,,,,,,,,,MISSING,False,False,False,
FIELD_20250227_MAN06_01,MAN06,MAN06,El Porvenir (Fish farm / Piscigranja),2025-02-27,C07,GF,GF,0,,,,,,,,,MISSING,False,False,False,
FIELD_20250227_MAN13_01,MAN13,MAN13,Azangaro Chico,2025-02-27,C07,GF,GF,0,,,,,,,,,MISSING,False,False,False,
FIELD_20250624_IC01_01,IC01,IC01,Irrigation canal - Azangaro Chico,2025-06-24,C08,GF,GF,0,,,,,,,,,MISSING,False,False,False,
FIELD_20250624_RC01_01,RC01,RC01,Lower Cachi - Puente Allccomachay,2025-06-24,C08,GF,GF,5,0.454,0.45,0.3,0.7,19.92,8.964,,8.964,OBSERVED,False,True,True,0.8888888888889059
FIELD_20250625_Q1.1L_01,Q1.1L,Q1.1L,Lower Opanccay - Boca Opanccay,2025-06-25,C08,GF,GF,5,0.266,0.23,0.2,0.36,0.498,0.132,,0.132,OBSERVED,False,True,True,0.35454545454545167
FIELD_20250626_Q1.2N.U1_01,Q1.2N.U1,Q1.2N.U1,Middle Opanccay Norte - Luricocha Alto,2025-06-26,C08,GF,GF,5,0.374,0.37,0.3,0.45,0.378,0.14,,0.14,OBSERVED,False,True,True,0.9799999999999887
FIELD_20250627_Q3.1_01,Q3.1,Q3.1,Lower Huamanguilla - Cangari,2025-06-27,C08,GF,GF,5,0.178,0.15,0.02,0.4,0.546,0.098,,0.098,OBSERVED,False,True,True,0.8285714285714358
FIELD_20250627_RC02_01,RC02,RC02,Upper Cachi - Cangari,2025-06-27,C08,GF,GF,5,0.7460000000000001,0.72,0.58,0.95,7.67,5.753,,5.753,OBSERVED,False,True,True,0.5419780983834364
FIELD_20250629_Q3.2M_01,Q3.2M,Q3.2M,Middle Huamanguilla - Puente Ayahuarcuna,2025-06-29,C08,GF,GF,5,0.22400000000000003,0.16,0.02,0.68,0.442,0.097,,0.097,OBSERVED,False,True,True,2.070103092783515
FIELD_20250629_Q3.3.M_01,Q3.3.M,Q3.3.M,Upper Huamanguilla-Iguian - ,2025-06-29,C08,GF,GF,5,0.11599999999999999,0.1,0.1,0.16,0.22,0.026,,0.026,OBSERVED,False,True,True,1.8461538461538511
FIELD_20250630_Q1.3N_01,Q1.3N,Q1.3N,Upper Opanccay Norte  Alto,2025-06-30,C08,GF,GF,5,0.254,0.25,0.08,0.36,0.345,0.086,,0.086,OBSERVED,False,True,True,1.8953488372093101
FIELD_20250630_Q1.3S.L_01,Q1.3S.L,Q1.3S.L,Upper Opanccay Sur Alto,2025-06-30,C08,GF,GF,4,0.2075,0.185,0.13,0.33,0.227,0.048,,0.048,OBSERVED,False,True,True,1.8697916666666716
FIELD_20250701_Q2.1U_01,Q2.1U__LOC1,Q2.1U,Lower Huanta - Boca Huanta,2025-07-01,C08,GF,GF,5,0.34600000000000003,0.3,0.1,0.6,0.63,0.221,,0.221,OBSERVED,False,True,True,1.36651583710407
FIELD_20250701_Q2.2.L1_01,Q2.2.L1,Q2.2.L1,Middle Huanta - San Luis,2025-07-01,C08,GF,GF,4,0.07250000000000001,0.065,0.01,0.15,0.063,0.004,,0.004,OBSERVED,False,True,True,14.187500000000009
FIELD_20250702_Q2.3L_01,Q2.3L,Q2.3L,Upper Huanta - above Occochaca waterfall,2025-07-02,C08,GF,GF,5,0.364,0.26,0.15,0.87,1.75,0.63,,0.63,OBSERVED,False,True,True,1.111111111111112
FIELD_20250703_MAN02_01,MAN02,MAN02,Azangaro Grande manantial,2025-07-03,C08,GF,GF,0,,,,,,,,,MISSING,False,False,False,
FIELD_20251125_RC01_01,RC01,RC01,Lower Cachi - Puente Allccomachay,2025-11-25,C09,GF,GF,5,0.5079999999999999,0.44,0.3,0.88,12.0,6.12,,6.12,OBSERVED,False,True,True,0.39215686274512745
FIELD_20251126_Q1.1L_01,Q1.1L,Q1.1L,Lower Opanccay - Boca Opanccay,2025-11-26,C09,GF,GF,5,0.176,0.02,0.01,0.48,0.368,,0.06476799999999999,0.06476799999999999,RECONSTRUCTED_C09,True,False,True,
FIELD_20251127_Q1.2N.U1_01,Q1.2N.U1,Q1.2N.U1,Middle Opanccay Norte - Luricocha Alto,2025-11-27,C09,GF,GF,5,0.43,0.45,0.25,0.6,0.371,,0.15953,0.15953,RECONSTRUCTED_C09,True,False,True,
FIELD_20251127_Q1.2S.U2_01,Q1.2S.U2,Q1.2S.U2,Middle S.Opanccay - Sirenacchayoc Bajo,2025-11-27,C09,GF,GF,4,0.085,0.08499999999999999,0.01,0.16,0.072,0.006,,0.006,OBSERVED,False,True,True,1.9999999999999907
FIELD_20251128_Q3.1_01,Q3.1,Q3.1,Lower Huamanguilla - Cangari,2025-11-28,C09,GF,GF,5,0.31799999999999995,0.29,0.24,0.45,0.91,,0.28937999999999997,0.28937999999999997,RECONSTRUCTED_C09,True,False,True,
FIELD_20251128_RC02_01,RC02,RC02,Upper Cachi - Cangari,2025-11-28,C09,GF,GF,5,0.724,0.78,0.41,1.08,6.86,,4.96664,4.96664,RECONSTRUCTED_C09,True,False,True,
FIELD_20251201_Q3.2L_01,Q3.2L,Q3.2L,Middle Huamanguilla - Puente Ayahuarcuna,2025-12-01,C09,GF,GF,5,0.23000000000000004,0.2,0.04,0.5,0.304,,0.06992000000000001,0.06992000000000001,RECONSTRUCTED_C09,True,False,True,
FIELD_20251201_Q3.3.M_01,Q3.3.M,Q3.3.M,Upper Huamanguilla-Iguian - ,2025-12-01,C09,GF,GF,4,0.29000000000000004,0.155,0.11,0.74,0.248,,0.07192000000000001,0.07192000000000001,RECONSTRUCTED_C09,True,False,True,
FIELD_20251202_Q2.1L2_01,Q2.1L2,Q2.1L2,Lower Huanta - Boca Huanta,2025-12-02,C09,GF,GF,4,0.6925,0.56,0.45,1.2,0.151,,0.1045675,0.1045675,RECONSTRUCTED_C09,True,False,True,
FIELD_20251203_MAN06_01,MAN06,MAN06,El Porvenir (Piscigranja),2025-12-03,C09,GF,GF,5,0.646,0.69,0.29,0.85,0.032,,0.020672,0.020672,RECONSTRUCTED_C09,True,False,True,
FIELD_20251203_Q2.2.L1_01,Q2.2.L1,Q2.2.L1,Middle Huanta - San Luis,2025-12-03,C09,GF,GF,3,0.22,0.11,0.04,0.51,0.038,,0.00836,0.00836,RECONSTRUCTED_C09,True,False,True,
FIELD_20251204_Q2.3L_01,Q2.3L,Q2.3L,Upper Huanta - above Occochaca waterfall,2025-12-04,C09,GF,GF,5,0.536,0.45,0.38,0.9,2.1,,1.1256000000000002,1.1256000000000002,RECONSTRUCTED_C09,True,False,True,
FIELD_20251205_MH01_01,MH01,MH01,Huaper,2025-12-05,C09,GF,GF,0,,,,,,,,,MISSING,False,False,False,
FIELD_20260315_IC01_01,IC01,IC01,Irrigation canal - below Azangaro Chico,2026-03-15,C10,GF,GF,5,0.7,0.75,0.55,0.8,1.44,1.008,,1.008,OBSERVED,False,True,True,0.0
FIELD_20260315_RC01_01,RC01,RC01,Lower Cachi - Puente Allccomachay,2026-03-15,C10,GF,GF,5,0.8099999999999999,0.9,0.4,1.05,46.4,37.584,,37.584,OBSERVED,False,True,True,1.8905458060879632e-14
FIELD_20260316_Q1.1L_01,Q1.1L,Q1.1L,Lower Opanccay - Boca Opanccay,2026-03-16,C10,GF,GF,5,1.254,1.4,0.7,1.5,2.73,3.413,,3.413,OBSERVED,False,True,True,0.3053032522707389
FIELD_20260317_Q1.2N.M_01,Q1.2N.M__LOC2,Q1.2N.M,Middle Opanccay Norte - Luricocha Alto,2026-03-17,C10,GF,GF,5,1.53,1.55,1.16,1.87,1.4,2.142,,2.142,OBSERVED,False,True,True,0.0
FIELD_20260317_Q1.2S.M2_01,Q1.2S.M2__LOC2,Q1.2S.M2,Middle S.Opanccay - Sirenacchayoc Bajo,2026-03-17,C10,GF,GF,5,1.9259999999999997,2.05,1.01,2.58,2.176,4.2,,4.2,OBSERVED,False,True,True,0.21485714285714624
FIELD_20260318_Q3.1_01,Q3.1,Q3.1,Lower Huamanguilla - Cangari,2026-03-18,C10,GF,GF,5,0.962,0.95,0.78,1.13,3.366,3.231,,3.231,OBSERVED,False,True,True,0.21949860724234288
FIELD_20260318_RC02_01,RC02,RC02,Upper Cachi - Cangari,2026-03-18,C10,GF,GF,5,1.3459999999999999,1.22,0.82,1.93,17.17,23.18,,23.18,OBSERVED,False,True,True,0.298446937014665
FIELD_20260319_Q3.2M_01,Q3.2M,Q3.2M,Middle Huamanguilla - Puente Ayahuarcuna,2026-03-19,C10,GF,GF,5,1.048,1.21,0.4,1.82,2.42,2.541,,2.541,OBSERVED,False,True,True,0.19047619047617997
FIELD_20260320_Q2.1U_01,Q2.1U__LOC2,Q2.1U,Lower Huanta - Boca Huanta,2026-03-20,C10,GF,GF,5,1.0059999999999998,1.2,0.35,1.37,1.485,1.5,,1.5,OBSERVED,False,True,True,0.4060000000000101
FIELD_20260323_MAN04_01,MAN04,MAN04,San Luis (Reservoir),2026-03-23,C10,GF,GF,3,0.4633333333333333,0.49,0.32,0.58,0.046,0.021,,0.021,OBSERVED,False,True,True,1.4920634920634863
FIELD_20260323_Q2.2.L1_01,Q2.2.L1,Q2.2.L1,Middle Huanta - San Luis,2026-03-23,C10,GF,GF,5,1.1019999999999999,0.96,0.27,2.14,1.782,1.96,,1.96,OBSERVED,False,True,True,0.19204081632652442
