parameter_id,dataset,n_rows,n_detected,n_censored,censoring_pct,n_analytical_identities,n_field_events,n_stations,n_campaigns,campaign_coverage_fraction,field_event_coverage_fraction,station_coverage_fraction,n_station_campaign_pairs,coverage_tier,preliminary_primary_temporal_candidate,censoring_policy_final,censor_limit_policy,continuous_inference_possible,special_policy_flag,special_policy_note,temporal_core_coverage_candidate,censor_policy_note,inference_class,primary_temporal_concentration_candidate,detection_occurrence_candidate,descriptive_only,canonical_parameter_name,representation_role,representation_family,independent_information,final_dictionary_note,unit_final,canonical_primary_parameter_id,analysis_role,independent_temporal_response_candidate,hydrochemical_domain,method_source_status,final_model_input_status
AC::B::mg/L,AC,138,89,49,35.507246376811594,138,131,41,10,1.0,0.9849624060150376,1.0,133,CORE_COVERAGE,True,CENSOR_AWARE_CONTINUOUS_PRIMARY,SINGLE_PARAMETER_LIMIT,True,,,True,Moderate censoring; primary inference should explicitly account for left-censoring.,CENSOR_AWARE_CONTINUOUS,True,False,False,AC::B::mg/L,DIRECT_ANALYTICAL,AC::B::mg/L,True,,mg/L,AC::B::mg/L,CENSOR_AWARE_CONTINUOUS,True,TRACE_ELEMENTS_METALS,PRIMARY_METHOD_SOURCE,ELIGIBLE_PRIMARY_RESPONSE
AC::C.E._SOL::dS/m,AC,138,138,0,0.0,138,131,41,10,1.0,0.9849624060150376,1.0,133,CORE_COVERAGE,True,STANDARD_CONTINUOUS,NOT_APPLICABLE_NO_CENSORING,True,,,True,No censored observations; conventional continuous analysis is permissible from a censoring perspective.,STANDARD_CONTINUOUS,True,False,False,AC::C.E._SOL::dS/m,PRIMARY_REPRESENTATION,ELECTRICAL_CONDUCTIVITY,True,,dS/m,AC::C.E._SOL::dS/m,STANDARD_CONTINUOUS,True,PHYSICOCHEMICAL,NOT_OVERLAP_OR_NOT_APPLICABLE,ELIGIBLE_PRIMARY_RESPONSE
AC::CO3::meq/L,AC,138,39,99,71.73913043478261,138,131,41,10,1.0,0.9849624060150376,1.0,133,CORE_COVERAGE,True,CENSORED_MODEL_ONLY,SINGLE_PARAMETER_LIMIT,True,,,True,More than half of observations are censored; do not use ordinary uncensored regression as the primary analysis.,CENSOR_AWARE_CONTINUOUS,True,False,False,AC::CO3::meq/L,EQUIVALENT_UNIT_REDUNDANT,CARBONATE,False,Exact/near-exact unit-converted representation; retain for hydrochemical calculations but do not model simultaneously with canonical primary representation.,meq/L,AC::CO3_PPM::mg/L,CENSOR_AWARE_CONTINUOUS,False,MAJOR_IONS,NOT_OVERLAP_OR_NOT_APPLICABLE,REDUNDANT_UNIT_REPRESENTATION
AC::CO3_PPM::mg/L,AC,138,39,99,71.73913043478261,138,131,41,10,1.0,0.9849624060150376,1.0,133,CORE_COVERAGE,True,CENSORED_MODEL_ONLY,SINGLE_PARAMETER_LIMIT,True,,,True,More than half of observations are censored; do not use ordinary uncensored regression as the primary analysis.,CENSOR_AWARE_CONTINUOUS,True,False,False,AC::CO3_PPM::mg/L,PRIMARY_REPRESENTATION,CARBONATE,True,,mg/L,AC::CO3_PPM::mg/L,CENSOR_AWARE_CONTINUOUS,True,MAJOR_IONS,NOT_OVERLAP_OR_NOT_APPLICABLE,ELIGIBLE_PRIMARY_RESPONSE
AC::Ca::meq/L,AC,138,138,0,0.0,138,131,41,10,1.0,0.9849624060150376,1.0,133,CORE_COVERAGE,True,STANDARD_CONTINUOUS,NOT_APPLICABLE_NO_CENSORING,True,,,True,No censored observations; conventional continuous analysis is permissible from a censoring perspective.,STANDARD_CONTINUOUS,True,False,False,AC::Ca::meq/L,EQUIVALENT_UNIT_REDUNDANT,CALCIUM,False,Exact/near-exact unit-converted representation; retain for hydrochemical calculations but do not model simultaneously with canonical primary representation.,meq/L,AC::Ca::mg/L,STANDARD_CONTINUOUS,False,MAJOR_IONS,NOT_OVERLAP_OR_NOT_APPLICABLE,REDUNDANT_UNIT_REPRESENTATION
AC::Ca::mg/L,AC,138,138,0,0.0,138,131,41,10,1.0,0.9849624060150376,1.0,133,CORE_COVERAGE,True,STANDARD_CONTINUOUS,NOT_APPLICABLE_NO_CENSORING,True,,,True,No censored observations; conventional continuous analysis is permissible from a censoring perspective.,STANDARD_CONTINUOUS,True,False,False,AC::Ca::mg/L,PRIMARY_REPRESENTATION,CALCIUM,True,,mg/L,AC::Ca::mg/L,STANDARD_CONTINUOUS,True,MAJOR_IONS,PRIMARY_METHOD_SOURCE,ELIGIBLE_PRIMARY_RESPONSE
AC::Cl_meq::meq/L,AC,138,124,14,10.144927536231885,138,131,41,10,1.0,0.9849624060150376,1.0,133,CORE_COVERAGE,True,CONTINUOUS_WITH_CENSOR_SENSITIVITY,SINGLE_PARAMETER_LIMIT,True,,,True,Low censoring; continuous inference may be used with censor-aware sensitivity analysis.,STANDARD_CONTINUOUS,True,False,False,AC::Cl_meq::meq/L,EQUIVALENT_UNIT_REDUNDANT,CHLORIDE,False,Exact/near-exact unit-converted representation; retain for hydrochemical calculations but do not model simultaneously with canonical primary representation.,meq/L,AC::Cl¯::mg/L,STANDARD_CONTINUOUS,False,MAJOR_IONS,NOT_OVERLAP_OR_NOT_APPLICABLE,REDUNDANT_UNIT_REPRESENTATION
AC::Cl¯::mg/L,AC,138,130,8,5.797101449275362,138,131,41,10,1.0,0.9849624060150376,1.0,133,CORE_COVERAGE,True,CONTINUOUS_WITH_CENSOR_SENSITIVITY,SINGLE_PARAMETER_LIMIT,True,,,True,Low censoring; continuous inference may be used with censor-aware sensitivity analysis.,STANDARD_CONTINUOUS,True,False,False,AC::Cl¯::mg/L,PRIMARY_REPRESENTATION,CHLORIDE,True,,mg/L,AC::Cl¯::mg/L,STANDARD_CONTINUOUS,True,MAJOR_IONS,NOT_OVERLAP_OR_NOT_APPLICABLE,ELIGIBLE_PRIMARY_RESPONSE
AC::DUREZA::ppm,AC,138,138,0,0.0,138,131,41,10,1.0,0.9849624060150376,1.0,133,CORE_COVERAGE,True,STANDARD_CONTINUOUS,NOT_APPLICABLE_NO_CENSORING,True,,,True,No censored observations; conventional continuous analysis is permissible from a censoring perspective.,STANDARD_CONTINUOUS,True,False,False,AC::DUREZA::ppm,DERIVED_HYDROCHEMICAL_DIAGNOSTIC,HARDNESS,False,"Derived hydrochemical index/aggregate. Retained for interpretation and QA, but not treated as an independent chemical response alongside its component ions.",ppm,AC::DUREZA::ppm,STANDARD_CONTINUOUS,False,HYDROCHEMICAL_DIAGNOSTIC,NOT_OVERLAP_OR_NOT_APPLICABLE,DERIVED_DIAGNOSTIC
AC::Dureza::°fH,AC,138,138,0,0.0,138,131,41,10,1.0,0.9849624060150376,1.0,133,CORE_COVERAGE,True,STANDARD_CONTINUOUS,NOT_APPLICABLE_NO_CENSORING,True,,,True,No censored observations; conventional continuous analysis is permissible from a censoring perspective.,STANDARD_CONTINUOUS,True,False,False,AC::Dureza::°fH,DERIVED_HYDROCHEMICAL_DIAGNOSTIC,HARDNESS,False,"Derived hydrochemical index/aggregate. Retained for interpretation and QA, but not treated as an independent chemical response alongside its component ions.",°fH,AC::DUREZA::ppm,STANDARD_CONTINUOUS,False,HYDROCHEMICAL_DIAGNOSTIC,NOT_OVERLAP_OR_NOT_APPLICABLE,DERIVED_DIAGNOSTIC
AC::H2PO4::mg/L,AC,138,59,79,57.2463768115942,138,131,41,10,1.0,0.9849624060150376,1.0,133,CORE_COVERAGE,True,CENSORED_MODEL_ONLY,SINGLE_PARAMETER_LIMIT,True,,,True,More than half of observations are censored; do not use ordinary uncensored regression as the primary analysis.,CENSOR_AWARE_CONTINUOUS,True,False,False,AC::H2PO4::mg/L,DIRECT_ANALYTICAL,AC::H2PO4::mg/L,True,,mg/L,AC::H2PO4::mg/L,CENSOR_AWARE_CONTINUOUS,True,NUTRIENTS,NOT_OVERLAP_OR_NOT_APPLICABLE,ELIGIBLE_PRIMARY_RESPONSE
AC::HCO3::meq/L,AC,138,138,0,0.0,138,131,41,10,1.0,0.9849624060150376,1.0,133,CORE_COVERAGE,True,STANDARD_CONTINUOUS,NOT_APPLICABLE_NO_CENSORING,True,,,True,No censored observations; conventional continuous analysis is permissible from a censoring perspective.,STANDARD_CONTINUOUS,True,False,False,AC::HCO3::meq/L,EQUIVALENT_UNIT_REDUNDANT,BICARBONATE,False,Exact/near-exact unit-converted representation; retain for hydrochemical calculations but do not model simultaneously with canonical primary representation.,meq/L,AC::HCO3_PPM::mg/L,STANDARD_CONTINUOUS,False,MAJOR_IONS,NOT_OVERLAP_OR_NOT_APPLICABLE,REDUNDANT_UNIT_REPRESENTATION
AC::HCO3_PPM::mg/L,AC,138,138,0,0.0,138,131,41,10,1.0,0.9849624060150376,1.0,133,CORE_COVERAGE,True,STANDARD_CONTINUOUS,NOT_APPLICABLE_NO_CENSORING,True,,,True,No censored observations; conventional continuous analysis is permissible from a censoring perspective.,STANDARD_CONTINUOUS,True,False,False,AC::HCO3_PPM::mg/L,PRIMARY_REPRESENTATION,BICARBONATE,True,,mg/L,AC::HCO3_PPM::mg/L,STANDARD_CONTINUOUS,True,MAJOR_IONS,NOT_OVERLAP_OR_NOT_APPLICABLE,ELIGIBLE_PRIMARY_RESPONSE
AC::K::meq/L,AC,138,94,44,31.88405797101449,138,131,41,10,1.0,0.9849624060150376,1.0,133,CORE_COVERAGE,True,CENSOR_AWARE_CONTINUOUS_PRIMARY,SINGLE_PARAMETER_LIMIT,True,,,True,Moderate censoring; primary inference should explicitly account for left-censoring.,CENSOR_AWARE_CONTINUOUS,True,False,False,AC::K::meq/L,SECONDARY_METHOD_DERIVED_REDUNDANT,POTASSIUM,False,meq/L representation derived from the secondary AC potassium method. Retained for hydrochemical calculations only; do not model independently or simultaneously with METALS::Potasio::mg/L.,meq/L,METALS::Potasio::mg/L,CENSOR_AWARE_CONTINUOUS,False,MAJOR_IONS,NOT_OVERLAP_OR_NOT_APPLICABLE,REDUNDANT_METHOD_DERIVED_REPRESENTATION
AC::Mg::meq/L,AC,138,116,22,15.942028985507246,138,131,41,10,1.0,0.9849624060150376,1.0,133,CORE_COVERAGE,True,CONTINUOUS_WITH_CENSOR_SENSITIVITY,SINGLE_PARAMETER_LIMIT,True,,,True,Low censoring; continuous inference may be used with censor-aware sensitivity analysis.,STANDARD_CONTINUOUS,True,False,False,AC::Mg::meq/L,EQUIVALENT_UNIT_REDUNDANT,MAGNESIUM,False,Exact/near-exact unit-converted representation; retain for hydrochemical calculations but do not model simultaneously with canonical primary representation.,meq/L,AC::Mg::mg/L,STANDARD_CONTINUOUS,False,MAJOR_IONS,NOT_OVERLAP_OR_NOT_APPLICABLE,REDUNDANT_UNIT_REPRESENTATION
AC::Mg::mg/L,AC,138,116,22,15.942028985507246,138,131,41,10,1.0,0.9849624060150376,1.0,133,CORE_COVERAGE,True,CONTINUOUS_WITH_CENSOR_SENSITIVITY,SINGLE_PARAMETER_LIMIT,True,,,True,Low censoring; continuous inference may be used with censor-aware sensitivity analysis.,STANDARD_CONTINUOUS,True,False,False,AC::Mg::mg/L,PRIMARY_REPRESENTATION,MAGNESIUM,True,,mg/L,AC::Mg::mg/L,STANDARD_CONTINUOUS,True,MAJOR_IONS,PRIMARY_METHOD_SOURCE,ELIGIBLE_PRIMARY_RESPONSE
AC::Mo::mg/L,AC,138,7,131,94.92753623188406,138,131,41,10,1.0,0.9849624060150376,1.0,133,CORE_COVERAGE,True,DETECTION_OCCURRENCE_ONLY,SINGLE_PARAMETER_LIMIT,False,,,True,Very high censoring; concentration-scale inference is not sufficiently supported. Detection occurrence may be considered if scientifically relevant.,DETECTION_OCCURRENCE,False,True,False,AC::Mo::mg/L,DIRECT_ANALYTICAL,AC::Mo::mg/L,True,,mg/L,AC::Mo::mg/L,DETECTION_OCCURRENCE_ONLY,False,OTHER,NOT_OVERLAP_OR_NOT_APPLICABLE,ELIGIBLE_BINARY_OCCURRENCE
AC::NH4::mg/L,AC,138,129,9,6.521739130434782,138,131,41,10,1.0,0.9849624060150376,1.0,133,CORE_COVERAGE,True,CONTINUOUS_WITH_CENSOR_SENSITIVITY,SINGLE_PARAMETER_LIMIT,True,,,True,Low censoring; continuous inference may be used with censor-aware sensitivity analysis.,STANDARD_CONTINUOUS,True,False,False,AC::NH4::mg/L,PRIMARY_REPRESENTATION,AMMONIUM,True,,mg/L,AC::NH4::mg/L,STANDARD_CONTINUOUS,True,NUTRIENTS,NOT_OVERLAP_OR_NOT_APPLICABLE,ELIGIBLE_PRIMARY_RESPONSE
AC::NH4_MEQ::meq/L,AC,138,102,36,26.08695652173913,138,131,41,10,1.0,0.9849624060150376,1.0,133,CORE_COVERAGE,True,CENSOR_AWARE_CONTINUOUS_PRIMARY,SINGLE_PARAMETER_LIMIT,True,,,True,Moderate censoring; primary inference should explicitly account for left-censoring.,CENSOR_AWARE_CONTINUOUS,True,False,False,AC::NH4_MEQ::meq/L,EQUIVALENT_UNIT_REDUNDANT,AMMONIUM,False,Exact/near-exact unit-converted representation; retain for hydrochemical calculations but do not model simultaneously with canonical primary representation.,meq/L,AC::NH4::mg/L,CENSOR_AWARE_CONTINUOUS,False,NUTRIENTS,NOT_OVERLAP_OR_NOT_APPLICABLE,REDUNDANT_UNIT_REPRESENTATION
AC::NO3::meq/L,AC,138,63,75,54.34782608695652,138,131,41,10,1.0,0.9849624060150376,1.0,133,CORE_COVERAGE,True,CENSORED_MODEL_ONLY,SINGLE_PARAMETER_LIMIT,True,,,True,More than half of observations are censored; do not use ordinary uncensored regression as the primary analysis.,CENSOR_AWARE_CONTINUOUS,True,False,False,AC::NO3::meq/L,EQUIVALENT_UNIT_REDUNDANT,NITRATE,False,Exact/near-exact unit-converted representation; retain for hydrochemical calculations but do not model simultaneously with canonical primary representation.,meq/L,AC::NO3::mg/L,CENSOR_AWARE_CONTINUOUS,False,NUTRIENTS,NOT_OVERLAP_OR_NOT_APPLICABLE,REDUNDANT_UNIT_REPRESENTATION
AC::NO3::mg/L,AC,138,76,62,44.927536231884055,138,131,41,10,1.0,0.9849624060150376,1.0,133,CORE_COVERAGE,True,CENSOR_AWARE_CONTINUOUS_PRIMARY,SINGLE_PARAMETER_LIMIT,True,,,True,Moderate censoring; primary inference should explicitly account for left-censoring.,CENSOR_AWARE_CONTINUOUS,True,False,False,AC::NO3::mg/L,PRIMARY_REPRESENTATION,NITRATE,True,,mg/L,AC::NO3::mg/L,CENSOR_AWARE_CONTINUOUS,True,NUTRIENTS,NOT_OVERLAP_OR_NOT_APPLICABLE,ELIGIBLE_PRIMARY_RESPONSE
AC::Na %::%,AC,138,138,0,0.0,138,131,41,10,1.0,0.9849624060150376,1.0,133,CORE_COVERAGE,True,STANDARD_CONTINUOUS,NOT_APPLICABLE_NO_CENSORING,True,,,True,No censored observations; conventional continuous analysis is permissible from a censoring perspective.,STANDARD_CONTINUOUS,True,False,False,AC::Na %::%,DERIVED_HYDROCHEMICAL_DIAGNOSTIC,SODIUM_PERCENT,False,"Derived hydrochemical index/aggregate. Retained for interpretation and QA, but not treated as an independent chemical response alongside its component ions.",%,AC::Na %::%,STANDARD_CONTINUOUS,False,HYDROCHEMICAL_DIAGNOSTIC,NOT_OVERLAP_OR_NOT_APPLICABLE,DERIVED_DIAGNOSTIC
AC::Na::meq/L,AC,138,138,0,0.0,138,131,41,10,1.0,0.9849624060150376,1.0,133,CORE_COVERAGE,True,STANDARD_CONTINUOUS,NOT_APPLICABLE_NO_CENSORING,True,,,True,No censored observations; conventional continuous analysis is permissible from a censoring perspective.,STANDARD_CONTINUOUS,True,False,False,AC::Na::meq/L,EQUIVALENT_UNIT_REDUNDANT,SODIUM,False,Exact/near-exact unit-converted representation; retain for hydrochemical calculations but do not model simultaneously with canonical primary representation.,meq/L,AC::Na::mg/L,STANDARD_CONTINUOUS,False,MAJOR_IONS,NOT_OVERLAP_OR_NOT_APPLICABLE,REDUNDANT_UNIT_REPRESENTATION
AC::Na::mg/L,AC,138,138,0,0.0,138,131,41,10,1.0,0.9849624060150376,1.0,133,CORE_COVERAGE,True,STANDARD_CONTINUOUS,NOT_APPLICABLE_NO_CENSORING,True,,,True,No censored observations; conventional continuous analysis is permissible from a censoring perspective.,STANDARD_CONTINUOUS,True,False,False,AC::Na::mg/L,PRIMARY_REPRESENTATION,SODIUM,True,,mg/L,AC::Na::mg/L,STANDARD_CONTINUOUS,True,MAJOR_IONS,PRIMARY_METHOD_SOURCE,ELIGIBLE_PRIMARY_RESPONSE
AC::P::mg/L,AC,138,55,83,60.14492753623188,138,131,41,10,1.0,0.9849624060150376,1.0,133,CORE_COVERAGE,True,CENSORED_MODEL_ONLY,SINGLE_PARAMETER_LIMIT,True,,,True,More than half of observations are censored; do not use ordinary uncensored regression as the primary analysis.,CENSOR_AWARE_CONTINUOUS,True,False,False,AC::P::mg/L,DIRECT_ANALYTICAL,AC::P::mg/L,True,,mg/L,AC::P::mg/L,CENSOR_AWARE_CONTINUOUS,True,NUTRIENTS,NOT_OVERLAP_OR_NOT_APPLICABLE,ELIGIBLE_PRIMARY_RESPONSE
AC::RAS::NO_UNIT,AC,138,138,0,0.0,138,131,41,10,1.0,0.9849624060150376,1.0,133,CORE_COVERAGE,True,STANDARD_CONTINUOUS,NOT_APPLICABLE_NO_CENSORING,True,,,True,No censored observations; conventional continuous analysis is permissible from a censoring perspective.,STANDARD_CONTINUOUS,True,False,False,AC::RAS::NO_UNIT,DERIVED_HYDROCHEMICAL_DIAGNOSTIC,SAR,False,"Derived hydrochemical index/aggregate. Retained for interpretation and QA, but not treated as an independent chemical response alongside its component ions.",dimensionless,AC::RAS::NO_UNIT,STANDARD_CONTINUOUS,False,HYDROCHEMICAL_DIAGNOSTIC,NOT_OVERLAP_OR_NOT_APPLICABLE,DERIVED_DIAGNOSTIC
AC::SO4::meq/L,AC,138,41,97,70.28985507246377,138,131,41,10,1.0,0.9849624060150376,1.0,133,CORE_COVERAGE,True,CENSORED_MODEL_ONLY,SINGLE_PARAMETER_LIMIT,True,,,True,More than half of observations are censored; do not use ordinary uncensored regression as the primary analysis.,CENSOR_AWARE_CONTINUOUS,True,False,False,AC::SO4::meq/L,EQUIVALENT_UNIT_REDUNDANT,SULFATE,False,Exact/near-exact unit-converted representation; retain for hydrochemical calculations but do not model simultaneously with canonical primary representation.,meq/L,AC::SO4_ppm::mg/L,CENSOR_AWARE_CONTINUOUS,False,MAJOR_IONS,NOT_OVERLAP_OR_NOT_APPLICABLE,REDUNDANT_UNIT_REPRESENTATION
AC::SO4_ppm::mg/L,AC,138,109,29,21.014492753623188,138,131,41,10,1.0,0.9849624060150376,1.0,133,CORE_COVERAGE,True,CENSOR_AWARE_CONTINUOUS_PRIMARY,SINGLE_PARAMETER_LIMIT,True,,,True,Moderate censoring; primary inference should explicitly account for left-censoring.,CENSOR_AWARE_CONTINUOUS,True,False,False,AC::SO4_ppm::mg/L,PRIMARY_REPRESENTATION,SULFATE,True,,mg/L,AC::SO4_ppm::mg/L,CENSOR_AWARE_CONTINUOUS,True,MAJOR_IONS,NOT_OVERLAP_OR_NOT_APPLICABLE,ELIGIBLE_PRIMARY_RESPONSE
AC::Suma_Aniones::meq/L,AC,138,138,0,0.0,138,131,41,10,1.0,0.9849624060150376,1.0,133,CORE_COVERAGE,True,STANDARD_CONTINUOUS,NOT_APPLICABLE_NO_CENSORING,True,,,True,No censored observations; conventional continuous analysis is permissible from a censoring perspective.,STANDARD_CONTINUOUS,True,False,False,AC::Suma_Aniones::meq/L,DERIVED_HYDROCHEMICAL_DIAGNOSTIC,ANION_SUM,False,"Derived hydrochemical index/aggregate. Retained for interpretation and QA, but not treated as an independent chemical response alongside its component ions.",meq/L,AC::Suma_Aniones::meq/L,STANDARD_CONTINUOUS,False,HYDROCHEMICAL_DIAGNOSTIC,NOT_OVERLAP_OR_NOT_APPLICABLE,DERIVED_DIAGNOSTIC
AC::Suma_Cationes::meq/L,AC,138,138,0,0.0,138,131,41,10,1.0,0.9849624060150376,1.0,133,CORE_COVERAGE,True,STANDARD_CONTINUOUS,NOT_APPLICABLE_NO_CENSORING,True,,,True,No censored observations; conventional continuous analysis is permissible from a censoring perspective.,STANDARD_CONTINUOUS,True,False,False,AC::Suma_Cationes::meq/L,DERIVED_HYDROCHEMICAL_DIAGNOSTIC,CATION_SUM,False,"Derived hydrochemical index/aggregate. Retained for interpretation and QA, but not treated as an independent chemical response alongside its component ions.",meq/L,AC::Suma_Cationes::meq/L,STANDARD_CONTINUOUS,False,HYDROCHEMICAL_DIAGNOSTIC,NOT_OVERLAP_OR_NOT_APPLICABLE,DERIVED_DIAGNOSTIC
AC::Zn::mg/L,AC,138,88,50,36.231884057971016,138,131,41,10,1.0,0.9849624060150376,1.0,133,CORE_COVERAGE,True,CENSOR_AWARE_CONTINUOUS_PRIMARY,SINGLE_PARAMETER_LIMIT,True,,,True,Moderate censoring; primary inference should explicitly account for left-censoring.,CENSOR_AWARE_CONTINUOUS,True,False,False,AC::Zn::mg/L,DIRECT_ANALYTICAL,AC::Zn::mg/L,True,,mg/L,AC::Zn::mg/L,CENSOR_AWARE_CONTINUOUS,True,TRACE_ELEMENTS_METALS,PRIMARY_METHOD_SOURCE,ELIGIBLE_PRIMARY_RESPONSE
AC::pH_SOL::NO_UNIT,AC,138,138,0,0.0,138,131,41,10,1.0,0.9849624060150376,1.0,133,CORE_COVERAGE,True,STANDARD_CONTINUOUS,NOT_APPLICABLE_NO_CENSORING,True,,,True,No censored observations; conventional continuous analysis is permissible from a censoring perspective.,STANDARD_CONTINUOUS,True,False,False,AC::pH_SOL::NO_UNIT,PRIMARY_REPRESENTATION,PH,True,,dimensionless,AC::pH_SOL::NO_UNIT,STANDARD_CONTINUOUS,True,PHYSICOCHEMICAL,NOT_OVERLAP_OR_NOT_APPLICABLE,ELIGIBLE_PRIMARY_RESPONSE
COD::COD::mg O2/L,COD,138,65,73,52.89855072463768,138,127,40,10,1.0,0.9548872180451128,0.975609756097561,129,CORE_COVERAGE,True,CENSORED_MODEL_ONLY,SINGLE_PARAMETER_LIMIT,True,CENSORED_PLUS_CONFIRMED_EXTREME,"53.3% censored; censor-aware modelling required. RC01 C10 = 835.5 mg O2/L is source-confirmed and retained, but requires explicit sensitivity analysis.",True,More than half of observations are censored; do not use ordinary uncensored regression as the primary analysis.,CENSOR_AWARE_CONTINUOUS,True,False,False,COD::COD::mg O2/L,PRIMARY_REPRESENTATION,COD,True,,mg O2/L,COD::COD::mg O2/L,CENSOR_AWARE_CONTINUOUS,True,ORGANIC_MATTER,NOT_OVERLAP_OR_NOT_APPLICABLE,ELIGIBLE_PRIMARY_RESPONSE
COLIFORMS::Escherichia coli::NMP/100 mL,COLIFORMS,73,0,73,100.0,73,71,20,10,1.0,0.5338345864661654,0.4878048780487805,72,CORE_COVERAGE,True,NONDETECT_ONLY_DESCRIPTIVE,SINGLE_PARAMETER_LIMIT,False,ALL_NONDETECT,0 detections among 73 analytical records; retain only as nondetection/descriptive information. Do not model concentration or detection occurrence.,True,No detected concentrations; retain only as descriptive nondetection evidence.,DESCRIPTIVE_ONLY,False,False,True,COLIFORMS::Escherichia coli::NMP/100 mL,DIRECT_ANALYTICAL,COLIFORMS::Escherichia coli::NMP/100 mL,True,,NMP/100 mL,COLIFORMS::Escherichia coli::NMP/100 mL,DESCRIPTIVE_ONLY,False,MICROBIOLOGY,NOT_OVERLAP_OR_NOT_APPLICABLE,DESCRIPTIVE_ONLY
COLIFORMS::Fecal/thermotolerant coliforms::NMP/100 mL,COLIFORMS,73,54,19,26.02739726027397,73,71,20,10,1.0,0.5338345864661654,0.4878048780487805,72,CORE_COVERAGE,True,CENSOR_AWARE_CONTINUOUS_PRIMARY,SINGLE_PARAMETER_LIMIT,True,,,True,Moderate censoring; primary inference should explicitly account for left-censoring.,CENSOR_AWARE_CONTINUOUS,True,False,False,COLIFORMS::Fecal/thermotolerant coliforms::NMP/100 mL,DIRECT_ANALYTICAL,COLIFORMS::Fecal/thermotolerant coliforms::NMP/100 mL,True,,NMP/100 mL,COLIFORMS::Fecal/thermotolerant coliforms::NMP/100 mL,CENSOR_AWARE_CONTINUOUS,True,MICROBIOLOGY,NOT_OVERLAP_OR_NOT_APPLICABLE,ELIGIBLE_PRIMARY_RESPONSE
COLIFORMS::Total coliforms::NMP/100 mL,COLIFORMS,73,69,4,5.47945205479452,73,71,20,10,1.0,0.5338345864661654,0.4878048780487805,72,CORE_COVERAGE,True,CONTINUOUS_WITH_CENSOR_SENSITIVITY,SINGLE_PARAMETER_LIMIT,True,,,True,Low censoring; continuous inference may be used with censor-aware sensitivity analysis.,STANDARD_CONTINUOUS,True,False,False,COLIFORMS::Total coliforms::NMP/100 mL,DIRECT_ANALYTICAL,COLIFORMS::Total coliforms::NMP/100 mL,True,,NMP/100 mL,COLIFORMS::Total coliforms::NMP/100 mL,STANDARD_CONTINUOUS,True,MICROBIOLOGY,NOT_OVERLAP_OR_NOT_APPLICABLE,ELIGIBLE_PRIMARY_RESPONSE
METALS::Aluminio::mg/L,METALS,136,114,22,16.176470588235293,136,130,41,10,1.0,0.9774436090225564,1.0,131,CORE_COVERAGE,True,CONTINUOUS_WITH_CENSOR_SENSITIVITY,USE_OBSERVATION_SPECIFIC_LIMIT,True,,,True,Low censoring; continuous inference may be used with censor-aware sensitivity analysis.,STANDARD_CONTINUOUS,True,False,False,METALS::Aluminio::mg/L,DIRECT_ANALYTICAL,METALS::Aluminio::mg/L,True,,mg/L,METALS::Aluminio::mg/L,STANDARD_CONTINUOUS,True,TRACE_ELEMENTS_METALS,PRIMARY_METHOD_SOURCE,ELIGIBLE_PRIMARY_RESPONSE
METALS::Antimonio::mg/L,METALS,136,19,117,86.02941176470588,136,130,41,10,1.0,0.9774436090225564,1.0,131,CORE_COVERAGE,True,DETECTION_OCCURRENCE_ONLY,USE_OBSERVATION_SPECIFIC_LIMIT,False,,,True,Very high censoring; concentration-scale inference is not sufficiently supported. Detection occurrence may be considered if scientifically relevant.,DETECTION_OCCURRENCE,False,True,False,METALS::Antimonio::mg/L,DIRECT_ANALYTICAL,METALS::Antimonio::mg/L,True,,mg/L,METALS::Antimonio::mg/L,DETECTION_OCCURRENCE_ONLY,False,TRACE_ELEMENTS_METALS,NOT_OVERLAP_OR_NOT_APPLICABLE,ELIGIBLE_BINARY_OCCURRENCE
METALS::Arsénico::mg/L,METALS,136,128,8,5.882352941176471,136,130,41,10,1.0,0.9774436090225564,1.0,131,CORE_COVERAGE,True,CONTINUOUS_WITH_CENSOR_SENSITIVITY,USE_OBSERVATION_SPECIFIC_LIMIT,True,,,True,Low censoring; continuous inference may be used with censor-aware sensitivity analysis.,STANDARD_CONTINUOUS,True,False,False,METALS::Arsénico::mg/L,DIRECT_ANALYTICAL,METALS::Arsénico::mg/L,True,,mg/L,METALS::Arsénico::mg/L,STANDARD_CONTINUOUS,True,TRACE_ELEMENTS_METALS,NOT_OVERLAP_OR_NOT_APPLICABLE,ELIGIBLE_PRIMARY_RESPONSE
METALS::Bario::mg/L,METALS,136,136,0,0.0,136,130,41,10,1.0,0.9774436090225564,1.0,131,CORE_COVERAGE,True,STANDARD_CONTINUOUS,NOT_APPLICABLE_NO_CENSORING,True,,,True,No censored observations; conventional continuous analysis is permissible from a censoring perspective.,STANDARD_CONTINUOUS,True,False,False,METALS::Bario::mg/L,DIRECT_ANALYTICAL,METALS::Bario::mg/L,True,,mg/L,METALS::Bario::mg/L,STANDARD_CONTINUOUS,True,TRACE_ELEMENTS_METALS,NOT_OVERLAP_OR_NOT_APPLICABLE,ELIGIBLE_PRIMARY_RESPONSE
METALS::Berilio::mg/L,METALS,136,6,130,95.58823529411764,136,130,41,10,1.0,0.9774436090225564,1.0,131,CORE_COVERAGE,True,DETECTION_OCCURRENCE_ONLY,USE_OBSERVATION_SPECIFIC_LIMIT,False,,,True,Very high censoring; concentration-scale inference is not sufficiently supported. Detection occurrence may be considered if scientifically relevant.,DETECTION_OCCURRENCE,False,True,False,METALS::Berilio::mg/L,DIRECT_ANALYTICAL,METALS::Berilio::mg/L,True,,mg/L,METALS::Berilio::mg/L,DETECTION_OCCURRENCE_ONLY,False,TRACE_ELEMENTS_METALS,NOT_OVERLAP_OR_NOT_APPLICABLE,ELIGIBLE_BINARY_OCCURRENCE
METALS::Bismuto::mg/L,METALS,136,0,136,100.0,136,130,41,10,1.0,0.9774436090225564,1.0,131,CORE_COVERAGE,True,NONDETECT_ONLY_DESCRIPTIVE,USE_OBSERVATION_SPECIFIC_LIMIT,False,,,True,No detected concentrations; retain only as descriptive nondetection evidence.,DESCRIPTIVE_ONLY,False,False,True,METALS::Bismuto::mg/L,DIRECT_ANALYTICAL,METALS::Bismuto::mg/L,True,,mg/L,METALS::Bismuto::mg/L,DESCRIPTIVE_ONLY,False,TRACE_ELEMENTS_METALS,NOT_OVERLAP_OR_NOT_APPLICABLE,DESCRIPTIVE_ONLY
METALS::Cadmio::mg/L,METALS,136,42,94,69.11764705882354,136,130,41,10,1.0,0.9774436090225564,1.0,131,CORE_COVERAGE,True,CENSORED_MODEL_ONLY,USE_OBSERVATION_SPECIFIC_LIMIT,True,,,True,More than half of observations are censored; do not use ordinary uncensored regression as the primary analysis.,CENSOR_AWARE_CONTINUOUS,True,False,False,METALS::Cadmio::mg/L,DIRECT_ANALYTICAL,METALS::Cadmio::mg/L,True,,mg/L,METALS::Cadmio::mg/L,CENSOR_AWARE_CONTINUOUS,True,TRACE_ELEMENTS_METALS,NOT_OVERLAP_OR_NOT_APPLICABLE,ELIGIBLE_PRIMARY_RESPONSE
METALS::Cerio::mg/L,METALS,136,28,108,79.41176470588235,136,130,41,10,1.0,0.9774436090225564,1.0,131,CORE_COVERAGE,True,CENSORED_MODEL_ONLY,USE_OBSERVATION_SPECIFIC_LIMIT,True,,,True,More than half of observations are censored; do not use ordinary uncensored regression as the primary analysis.,CENSOR_AWARE_CONTINUOUS,True,False,False,METALS::Cerio::mg/L,DIRECT_ANALYTICAL,METALS::Cerio::mg/L,True,,mg/L,METALS::Cerio::mg/L,CENSOR_AWARE_CONTINUOUS,True,TRACE_ELEMENTS_METALS,NOT_OVERLAP_OR_NOT_APPLICABLE,ELIGIBLE_PRIMARY_RESPONSE
METALS::Cesio::mg/L,METALS,136,31,105,77.20588235294117,136,130,41,10,1.0,0.9774436090225564,1.0,131,CORE_COVERAGE,True,CENSORED_MODEL_ONLY,USE_OBSERVATION_SPECIFIC_LIMIT,True,,,True,More than half of observations are censored; do not use ordinary uncensored regression as the primary analysis.,CENSOR_AWARE_CONTINUOUS,True,False,False,METALS::Cesio::mg/L,DIRECT_ANALYTICAL,METALS::Cesio::mg/L,True,,mg/L,METALS::Cesio::mg/L,CENSOR_AWARE_CONTINUOUS,True,TRACE_ELEMENTS_METALS,NOT_OVERLAP_OR_NOT_APPLICABLE,ELIGIBLE_PRIMARY_RESPONSE
METALS::Cobalto::mg/L,METALS,136,99,37,27.205882352941178,136,130,41,10,1.0,0.9774436090225564,1.0,131,CORE_COVERAGE,True,CENSOR_AWARE_CONTINUOUS_PRIMARY,USE_OBSERVATION_SPECIFIC_LIMIT,True,,,True,Moderate censoring; primary inference should explicitly account for left-censoring.,CENSOR_AWARE_CONTINUOUS,True,False,False,METALS::Cobalto::mg/L,DIRECT_ANALYTICAL,METALS::Cobalto::mg/L,True,,mg/L,METALS::Cobalto::mg/L,CENSOR_AWARE_CONTINUOUS,True,TRACE_ELEMENTS_METALS,NOT_OVERLAP_OR_NOT_APPLICABLE,ELIGIBLE_PRIMARY_RESPONSE
METALS::Cobre::mg/L,METALS,136,121,15,11.029411764705882,136,130,41,10,1.0,0.9774436090225564,1.0,131,CORE_COVERAGE,True,CONTINUOUS_WITH_CENSOR_SENSITIVITY,SINGLE_PARAMETER_LIMIT,True,,,True,Low censoring; continuous inference may be used with censor-aware sensitivity analysis.,STANDARD_CONTINUOUS,True,False,False,METALS::Cobre::mg/L,DIRECT_ANALYTICAL,METALS::Cobre::mg/L,True,,mg/L,METALS::Cobre::mg/L,STANDARD_CONTINUOUS,True,TRACE_ELEMENTS_METALS,PRIMARY_METHOD_SOURCE,ELIGIBLE_PRIMARY_RESPONSE
METALS::Cromo::mg/L,METALS,136,37,99,72.79411764705883,136,130,41,10,1.0,0.9774436090225564,1.0,131,CORE_COVERAGE,True,CENSORED_MODEL_ONLY,USE_OBSERVATION_SPECIFIC_LIMIT,True,,,True,More than half of observations are censored; do not use ordinary uncensored regression as the primary analysis.,CENSOR_AWARE_CONTINUOUS,True,False,False,METALS::Cromo::mg/L,DIRECT_ANALYTICAL,METALS::Cromo::mg/L,True,,mg/L,METALS::Cromo::mg/L,CENSOR_AWARE_CONTINUOUS,True,TRACE_ELEMENTS_METALS,NOT_OVERLAP_OR_NOT_APPLICABLE,ELIGIBLE_PRIMARY_RESPONSE
METALS::Estaño::mg/L,METALS,136,25,111,81.61764705882354,136,130,41,10,1.0,0.9774436090225564,1.0,131,CORE_COVERAGE,True,DETECTION_OCCURRENCE_ONLY,USE_OBSERVATION_SPECIFIC_LIMIT,False,,,True,Very high censoring; concentration-scale inference is not sufficiently supported. Detection occurrence may be considered if scientifically relevant.,DETECTION_OCCURRENCE,False,True,False,METALS::Estaño::mg/L,DIRECT_ANALYTICAL,METALS::Estaño::mg/L,True,,mg/L,METALS::Estaño::mg/L,DETECTION_OCCURRENCE_ONLY,False,TRACE_ELEMENTS_METALS,NOT_OVERLAP_OR_NOT_APPLICABLE,ELIGIBLE_BINARY_OCCURRENCE
METALS::Estroncio::mg/L,METALS,136,136,0,0.0,136,130,41,10,1.0,0.9774436090225564,1.0,131,CORE_COVERAGE,True,STANDARD_CONTINUOUS,NOT_APPLICABLE_NO_CENSORING,True,,,True,No censored observations; conventional continuous analysis is permissible from a censoring perspective.,STANDARD_CONTINUOUS,True,False,False,METALS::Estroncio::mg/L,DIRECT_ANALYTICAL,METALS::Estroncio::mg/L,True,,mg/L,METALS::Estroncio::mg/L,STANDARD_CONTINUOUS,True,TRACE_ELEMENTS_METALS,NOT_OVERLAP_OR_NOT_APPLICABLE,ELIGIBLE_PRIMARY_RESPONSE
METALS::Fósforo::mg/L,METALS,136,41,95,69.8529411764706,136,130,41,10,1.0,0.9774436090225564,1.0,131,CORE_COVERAGE,True,CENSORED_MODEL_ONLY,USE_OBSERVATION_SPECIFIC_LIMIT,True,,,True,More than half of observations are censored; do not use ordinary uncensored regression as the primary analysis.,CENSOR_AWARE_CONTINUOUS,True,False,False,METALS::Fósforo::mg/L,DIRECT_ANALYTICAL,METALS::Fósforo::mg/L,True,,mg/L,METALS::Fósforo::mg/L,CENSOR_AWARE_CONTINUOUS,True,NUTRIENTS,NOT_OVERLAP_OR_NOT_APPLICABLE,ELIGIBLE_PRIMARY_RESPONSE
METALS::Galio::mg/L,METALS,136,47,89,65.44117647058823,136,130,41,10,1.0,0.9774436090225564,1.0,131,CORE_COVERAGE,True,CENSORED_MODEL_ONLY,USE_OBSERVATION_SPECIFIC_LIMIT,True,,,True,More than half of observations are censored; do not use ordinary uncensored regression as the primary analysis.,CENSOR_AWARE_CONTINUOUS,True,False,False,METALS::Galio::mg/L,DIRECT_ANALYTICAL,METALS::Galio::mg/L,True,,mg/L,METALS::Galio::mg/L,CENSOR_AWARE_CONTINUOUS,True,TRACE_ELEMENTS_METALS,NOT_OVERLAP_OR_NOT_APPLICABLE,ELIGIBLE_PRIMARY_RESPONSE
METALS::Germanio::mg/L,METALS,136,14,122,89.70588235294117,136,130,41,10,1.0,0.9774436090225564,1.0,131,CORE_COVERAGE,True,DETECTION_OCCURRENCE_ONLY,USE_OBSERVATION_SPECIFIC_LIMIT,False,,,True,Very high censoring; concentration-scale inference is not sufficiently supported. Detection occurrence may be considered if scientifically relevant.,DETECTION_OCCURRENCE,False,True,False,METALS::Germanio::mg/L,DIRECT_ANALYTICAL,METALS::Germanio::mg/L,True,,mg/L,METALS::Germanio::mg/L,DETECTION_OCCURRENCE_ONLY,False,TRACE_ELEMENTS_METALS,NOT_OVERLAP_OR_NOT_APPLICABLE,ELIGIBLE_BINARY_OCCURRENCE
METALS::Hafnio::mg/L,METALS,136,12,124,91.17647058823528,136,130,41,10,1.0,0.9774436090225564,1.0,131,CORE_COVERAGE,True,DETECTION_OCCURRENCE_ONLY,USE_OBSERVATION_SPECIFIC_LIMIT,False,,,True,Very high censoring; concentration-scale inference is not sufficiently supported. Detection occurrence may be considered if scientifically relevant.,DETECTION_OCCURRENCE,False,True,False,METALS::Hafnio::mg/L,DIRECT_ANALYTICAL,METALS::Hafnio::mg/L,True,,mg/L,METALS::Hafnio::mg/L,DETECTION_OCCURRENCE_ONLY,False,TRACE_ELEMENTS_METALS,NOT_OVERLAP_OR_NOT_APPLICABLE,ELIGIBLE_BINARY_OCCURRENCE
METALS::Hierro::mg/L,METALS,136,116,20,14.705882352941176,136,130,41,10,1.0,0.9774436090225564,1.0,131,CORE_COVERAGE,True,CONTINUOUS_WITH_CENSOR_SENSITIVITY,USE_OBSERVATION_SPECIFIC_LIMIT,True,,,True,Low censoring; continuous inference may be used with censor-aware sensitivity analysis.,STANDARD_CONTINUOUS,True,False,False,METALS::Hierro::mg/L,DIRECT_ANALYTICAL,METALS::Hierro::mg/L,True,,mg/L,METALS::Hierro::mg/L,STANDARD_CONTINUOUS,True,TRACE_ELEMENTS_METALS,PRIMARY_METHOD_SOURCE,ELIGIBLE_PRIMARY_RESPONSE
METALS::Lantano::mg/L,METALS,136,0,136,100.0,136,130,41,10,1.0,0.9774436090225564,1.0,131,CORE_COVERAGE,True,NONDETECT_ONLY_DESCRIPTIVE,USE_OBSERVATION_SPECIFIC_LIMIT,False,,,True,No detected concentrations; retain only as descriptive nondetection evidence.,DESCRIPTIVE_ONLY,False,False,True,METALS::Lantano::mg/L,DIRECT_ANALYTICAL,METALS::Lantano::mg/L,True,,mg/L,METALS::Lantano::mg/L,DESCRIPTIVE_ONLY,False,TRACE_ELEMENTS_METALS,NOT_OVERLAP_OR_NOT_APPLICABLE,DESCRIPTIVE_ONLY
METALS::Litio::mg/L,METALS,136,133,3,2.2058823529411766,136,130,41,10,1.0,0.9774436090225564,1.0,131,CORE_COVERAGE,True,CONTINUOUS_LOW_CENSORING,SINGLE_PARAMETER_LIMIT,True,,,True,"Very low censoring; continuous analysis is permissible, while preserving censored observations in sensitivity checks.",STANDARD_CONTINUOUS,True,False,False,METALS::Litio::mg/L,DIRECT_ANALYTICAL,METALS::Litio::mg/L,True,,mg/L,METALS::Litio::mg/L,STANDARD_CONTINUOUS,True,TRACE_ELEMENTS_METALS,NOT_OVERLAP_OR_NOT_APPLICABLE,ELIGIBLE_PRIMARY_RESPONSE
METALS::Lutecio::mg/L,METALS,136,0,136,100.0,136,130,41,10,1.0,0.9774436090225564,1.0,131,CORE_COVERAGE,True,NONDETECT_ONLY_DESCRIPTIVE,USE_OBSERVATION_SPECIFIC_LIMIT,False,,,True,No detected concentrations; retain only as descriptive nondetection evidence.,DESCRIPTIVE_ONLY,False,False,True,METALS::Lutecio::mg/L,DIRECT_ANALYTICAL,METALS::Lutecio::mg/L,True,,mg/L,METALS::Lutecio::mg/L,DESCRIPTIVE_ONLY,False,TRACE_ELEMENTS_METALS,NOT_OVERLAP_OR_NOT_APPLICABLE,DESCRIPTIVE_ONLY
METALS::Manganeso::mg/L,METALS,136,134,2,1.4705882352941178,136,130,41,10,1.0,0.9774436090225564,1.0,131,CORE_COVERAGE,True,CONTINUOUS_LOW_CENSORING,SINGLE_PARAMETER_LIMIT,True,,,True,"Very low censoring; continuous analysis is permissible, while preserving censored observations in sensitivity checks.",STANDARD_CONTINUOUS,True,False,False,METALS::Manganeso::mg/L,DIRECT_ANALYTICAL,METALS::Manganeso::mg/L,True,,mg/L,METALS::Manganeso::mg/L,STANDARD_CONTINUOUS,True,TRACE_ELEMENTS_METALS,PRIMARY_METHOD_SOURCE,ELIGIBLE_PRIMARY_RESPONSE
METALS::Mercurio::mg/L,METALS,136,0,136,100.0,136,130,41,10,1.0,0.9774436090225564,1.0,131,CORE_COVERAGE,True,NONDETECT_ONLY_DESCRIPTIVE,USE_OBSERVATION_SPECIFIC_LIMIT,False,ALL_NONDETECT_VARIABLE_LIMIT,All observations censored; detection limits vary. Retain censor limits explicitly but do not infer concentration dynamics.,True,No detected concentrations; retain only as descriptive nondetection evidence.,DESCRIPTIVE_ONLY,False,False,True,METALS::Mercurio::mg/L,DIRECT_ANALYTICAL,METALS::Mercurio::mg/L,True,,mg/L,METALS::Mercurio::mg/L,DESCRIPTIVE_ONLY,False,TRACE_ELEMENTS_METALS,NOT_OVERLAP_OR_NOT_APPLICABLE,DESCRIPTIVE_ONLY
METALS::Molibdeno::mg/L,METALS,136,115,21,15.441176470588236,136,130,41,10,1.0,0.9774436090225564,1.0,131,CORE_COVERAGE,True,CONTINUOUS_WITH_CENSOR_SENSITIVITY,USE_OBSERVATION_SPECIFIC_LIMIT,True,,,True,Low censoring; continuous inference may be used with censor-aware sensitivity analysis.,STANDARD_CONTINUOUS,True,False,False,METALS::Molibdeno::mg/L,DIRECT_ANALYTICAL,METALS::Molibdeno::mg/L,True,,mg/L,METALS::Molibdeno::mg/L,STANDARD_CONTINUOUS,True,TRACE_ELEMENTS_METALS,NOT_OVERLAP_OR_NOT_APPLICABLE,ELIGIBLE_PRIMARY_RESPONSE
METALS::Niobio::mg/L,METALS,136,0,136,100.0,136,130,41,10,1.0,0.9774436090225564,1.0,131,CORE_COVERAGE,True,NONDETECT_ONLY_DESCRIPTIVE,USE_OBSERVATION_SPECIFIC_LIMIT,False,,,True,No detected concentrations; retain only as descriptive nondetection evidence.,DESCRIPTIVE_ONLY,False,False,True,METALS::Niobio::mg/L,DIRECT_ANALYTICAL,METALS::Niobio::mg/L,True,,mg/L,METALS::Niobio::mg/L,DESCRIPTIVE_ONLY,False,TRACE_ELEMENTS_METALS,NOT_OVERLAP_OR_NOT_APPLICABLE,DESCRIPTIVE_ONLY
METALS::Niquel::mg/L,METALS,136,48,88,64.70588235294117,136,130,41,10,1.0,0.9774436090225564,1.0,131,CORE_COVERAGE,True,CENSORED_MODEL_ONLY,USE_OBSERVATION_SPECIFIC_LIMIT,True,,,True,More than half of observations are censored; do not use ordinary uncensored regression as the primary analysis.,CENSOR_AWARE_CONTINUOUS,True,False,False,METALS::Niquel::mg/L,DIRECT_ANALYTICAL,METALS::Niquel::mg/L,True,,mg/L,METALS::Niquel::mg/L,CENSOR_AWARE_CONTINUOUS,True,TRACE_ELEMENTS_METALS,NOT_OVERLAP_OR_NOT_APPLICABLE,ELIGIBLE_PRIMARY_RESPONSE
METALS::Plata::mg/L,METALS,136,2,134,98.52941176470588,136,130,41,10,1.0,0.9774436090225564,1.0,131,CORE_COVERAGE,True,SPARSE_DETECTION_DESCRIPTIVE_ONLY,USE_OBSERVATION_SPECIFIC_LIMIT,False,,,True,Too few detections for stable inferential modelling; retain descriptively.,DESCRIPTIVE_ONLY,False,False,True,METALS::Plata::mg/L,DIRECT_ANALYTICAL,METALS::Plata::mg/L,True,,mg/L,METALS::Plata::mg/L,DESCRIPTIVE_ONLY,False,TRACE_ELEMENTS_METALS,NOT_OVERLAP_OR_NOT_APPLICABLE,DESCRIPTIVE_ONLY
METALS::Plomo::mg/L,METALS,136,13,123,90.44117647058825,136,130,41,10,1.0,0.9774436090225564,1.0,131,CORE_COVERAGE,True,DETECTION_OCCURRENCE_ONLY,USE_OBSERVATION_SPECIFIC_LIMIT,False,,,True,Very high censoring; concentration-scale inference is not sufficiently supported. Detection occurrence may be considered if scientifically relevant.,DETECTION_OCCURRENCE,False,True,False,METALS::Plomo::mg/L,DIRECT_ANALYTICAL,METALS::Plomo::mg/L,True,,mg/L,METALS::Plomo::mg/L,DETECTION_OCCURRENCE_ONLY,False,TRACE_ELEMENTS_METALS,NOT_OVERLAP_OR_NOT_APPLICABLE,ELIGIBLE_BINARY_OCCURRENCE
METALS::Potasio::mg/L,METALS,136,134,2,1.4705882352941178,136,130,41,10,1.0,0.9774436090225564,1.0,131,CORE_COVERAGE,True,CONTINUOUS_LOW_CENSORING,SINGLE_PARAMETER_LIMIT,True,,,True,"Very low censoring; continuous analysis is permissible, while preserving censored observations in sensitivity checks.",STANDARD_CONTINUOUS,True,False,False,METALS::Potasio::mg/L,PRIMARY_REPRESENTATION,POTASSIUM,True,Frozen primary potassium source from cross-method adjudication; METALS retained over AC for quantitative inference.,mg/L,METALS::Potasio::mg/L,STANDARD_CONTINUOUS,True,MAJOR_IONS,PRIMARY_METHOD_SOURCE,ELIGIBLE_PRIMARY_RESPONSE
METALS::Rubidio::mg/L,METALS,136,84,52,38.23529411764706,136,130,41,10,1.0,0.9774436090225564,1.0,131,CORE_COVERAGE,True,CENSOR_AWARE_CONTINUOUS_PRIMARY,SINGLE_PARAMETER_LIMIT,True,,,True,Moderate censoring; primary inference should explicitly account for left-censoring.,CENSOR_AWARE_CONTINUOUS,True,False,False,METALS::Rubidio::mg/L,DIRECT_ANALYTICAL,METALS::Rubidio::mg/L,True,,mg/L,METALS::Rubidio::mg/L,CENSOR_AWARE_CONTINUOUS,True,TRACE_ELEMENTS_METALS,NOT_OVERLAP_OR_NOT_APPLICABLE,ELIGIBLE_PRIMARY_RESPONSE
METALS::Selenio::mg/L,METALS,136,15,121,88.97058823529412,136,130,41,10,1.0,0.9774436090225564,1.0,131,CORE_COVERAGE,True,DETECTION_OCCURRENCE_ONLY,USE_OBSERVATION_SPECIFIC_LIMIT,False,,,True,Very high censoring; concentration-scale inference is not sufficiently supported. Detection occurrence may be considered if scientifically relevant.,DETECTION_OCCURRENCE,False,True,False,METALS::Selenio::mg/L,DIRECT_ANALYTICAL,METALS::Selenio::mg/L,True,,mg/L,METALS::Selenio::mg/L,DETECTION_OCCURRENCE_ONLY,False,TRACE_ELEMENTS_METALS,NOT_OVERLAP_OR_NOT_APPLICABLE,ELIGIBLE_BINARY_OCCURRENCE
METALS::Silice::mg/L,METALS,35,35,0,0.0,35,35,21,3,0.3,0.2631578947368421,0.5121951219512195,35,LIMITED_COVERAGE,False,STANDARD_CONTINUOUS,NOT_APPLICABLE_NO_CENSORING,True,LIMITED_TEMPORAL_COVERAGE,"35 detected records across only 3 campaigns. Quantitative when available, but insufficient temporal coverage for the main 10-campaign hydroclimatic-memory analysis.",False,No censored observations; conventional continuous analysis is permissible from a censoring perspective.,STANDARD_CONTINUOUS,False,False,False,METALS::Silice::mg/L,LIMITED_COVERAGE_SECONDARY,SILICA,False,"Available only during three campaigns; retain as secondary descriptive/validation information, not main temporal response.",mg/L,METALS::Silicio::mg/L,LIMITED_COVERAGE_SECONDARY,False,SILICON_SILICA,NOT_OVERLAP_OR_NOT_APPLICABLE,LIMITED_COVERAGE_SECONDARY
METALS::Silicio::mg/L,METALS,136,136,0,0.0,136,130,41,10,1.0,0.9774436090225564,1.0,131,CORE_COVERAGE,True,STANDARD_CONTINUOUS,NOT_APPLICABLE_NO_CENSORING,True,FULL_COVERAGE_SILICON,"136 detected records across all 10 campaigns; preferable to sparse Silice for temporal inference, subject to chemical-definition verification.",True,No censored observations; conventional continuous analysis is permissible from a censoring perspective.,STANDARD_CONTINUOUS,True,False,False,METALS::Silicio::mg/L,PRIMARY_REPRESENTATION,SILICON,True,Full 10-campaign silicon series; preferred temporal silicon representation.,mg/L,METALS::Silicio::mg/L,STANDARD_CONTINUOUS,True,SILICON_SILICA,NOT_OVERLAP_OR_NOT_APPLICABLE,ELIGIBLE_PRIMARY_RESPONSE
METALS::Talio::mg/L,METALS,136,0,136,100.0,136,130,41,10,1.0,0.9774436090225564,1.0,131,CORE_COVERAGE,True,NONDETECT_ONLY_DESCRIPTIVE,USE_OBSERVATION_SPECIFIC_LIMIT,False,,,True,No detected concentrations; retain only as descriptive nondetection evidence.,DESCRIPTIVE_ONLY,False,False,True,METALS::Talio::mg/L,DIRECT_ANALYTICAL,METALS::Talio::mg/L,True,,mg/L,METALS::Talio::mg/L,DESCRIPTIVE_ONLY,False,TRACE_ELEMENTS_METALS,NOT_OVERLAP_OR_NOT_APPLICABLE,DESCRIPTIVE_ONLY
METALS::Tantalio::mg/L,METALS,136,0,136,100.0,136,130,41,10,1.0,0.9774436090225564,1.0,131,CORE_COVERAGE,True,NONDETECT_ONLY_DESCRIPTIVE,USE_OBSERVATION_SPECIFIC_LIMIT,False,,,True,No detected concentrations; retain only as descriptive nondetection evidence.,DESCRIPTIVE_ONLY,False,False,True,METALS::Tantalio::mg/L,DIRECT_ANALYTICAL,METALS::Tantalio::mg/L,True,,mg/L,METALS::Tantalio::mg/L,DESCRIPTIVE_ONLY,False,TRACE_ELEMENTS_METALS,NOT_OVERLAP_OR_NOT_APPLICABLE,DESCRIPTIVE_ONLY
METALS::Teluro::mg/L,METALS,136,0,136,100.0,136,130,41,10,1.0,0.9774436090225564,1.0,131,CORE_COVERAGE,True,NONDETECT_ONLY_DESCRIPTIVE,USE_OBSERVATION_SPECIFIC_LIMIT,False,,,True,No detected concentrations; retain only as descriptive nondetection evidence.,DESCRIPTIVE_ONLY,False,False,True,METALS::Teluro::mg/L,DIRECT_ANALYTICAL,METALS::Teluro::mg/L,True,,mg/L,METALS::Teluro::mg/L,DESCRIPTIVE_ONLY,False,TRACE_ELEMENTS_METALS,NOT_OVERLAP_OR_NOT_APPLICABLE,DESCRIPTIVE_ONLY
METALS::Thorio::mg/L,METALS,136,0,136,100.0,136,130,41,10,1.0,0.9774436090225564,1.0,131,CORE_COVERAGE,True,NONDETECT_ONLY_DESCRIPTIVE,USE_OBSERVATION_SPECIFIC_LIMIT,False,,,True,No detected concentrations; retain only as descriptive nondetection evidence.,DESCRIPTIVE_ONLY,False,False,True,METALS::Thorio::mg/L,DIRECT_ANALYTICAL,METALS::Thorio::mg/L,True,,mg/L,METALS::Thorio::mg/L,DESCRIPTIVE_ONLY,False,TRACE_ELEMENTS_METALS,NOT_OVERLAP_OR_NOT_APPLICABLE,DESCRIPTIVE_ONLY
METALS::Titanio::mg/L,METALS,136,110,26,19.11764705882353,136,130,41,10,1.0,0.9774436090225564,1.0,131,CORE_COVERAGE,True,CONTINUOUS_WITH_CENSOR_SENSITIVITY,USE_OBSERVATION_SPECIFIC_LIMIT,True,,,True,Low censoring; continuous inference may be used with censor-aware sensitivity analysis.,STANDARD_CONTINUOUS,True,False,False,METALS::Titanio::mg/L,DIRECT_ANALYTICAL,METALS::Titanio::mg/L,True,,mg/L,METALS::Titanio::mg/L,STANDARD_CONTINUOUS,True,TRACE_ELEMENTS_METALS,NOT_OVERLAP_OR_NOT_APPLICABLE,ELIGIBLE_PRIMARY_RESPONSE
METALS::Uranio::mg/L,METALS,136,124,12,8.823529411764707,136,130,41,10,1.0,0.9774436090225564,1.0,131,CORE_COVERAGE,True,CONTINUOUS_WITH_CENSOR_SENSITIVITY,USE_OBSERVATION_SPECIFIC_LIMIT,True,,,True,Low censoring; continuous inference may be used with censor-aware sensitivity analysis.,STANDARD_CONTINUOUS,True,False,False,METALS::Uranio::mg/L,DIRECT_ANALYTICAL,METALS::Uranio::mg/L,True,,mg/L,METALS::Uranio::mg/L,STANDARD_CONTINUOUS,True,TRACE_ELEMENTS_METALS,NOT_OVERLAP_OR_NOT_APPLICABLE,ELIGIBLE_PRIMARY_RESPONSE
METALS::Vanadio::mg/L,METALS,136,102,34,25.0,136,130,41,10,1.0,0.9774436090225564,1.0,131,CORE_COVERAGE,True,CENSOR_AWARE_CONTINUOUS_PRIMARY,USE_OBSERVATION_SPECIFIC_LIMIT,True,,,True,Moderate censoring; primary inference should explicitly account for left-censoring.,CENSOR_AWARE_CONTINUOUS,True,False,False,METALS::Vanadio::mg/L,DIRECT_ANALYTICAL,METALS::Vanadio::mg/L,True,,mg/L,METALS::Vanadio::mg/L,CENSOR_AWARE_CONTINUOUS,True,TRACE_ELEMENTS_METALS,NOT_OVERLAP_OR_NOT_APPLICABLE,ELIGIBLE_PRIMARY_RESPONSE
METALS::Wolframio::mg/L,METALS,136,0,136,100.0,136,130,41,10,1.0,0.9774436090225564,1.0,131,CORE_COVERAGE,True,NONDETECT_ONLY_DESCRIPTIVE,USE_OBSERVATION_SPECIFIC_LIMIT,False,,,True,No detected concentrations; retain only as descriptive nondetection evidence.,DESCRIPTIVE_ONLY,False,False,True,METALS::Wolframio::mg/L,DIRECT_ANALYTICAL,METALS::Wolframio::mg/L,True,,mg/L,METALS::Wolframio::mg/L,DESCRIPTIVE_ONLY,False,TRACE_ELEMENTS_METALS,NOT_OVERLAP_OR_NOT_APPLICABLE,DESCRIPTIVE_ONLY
METALS::Yterbio::mg/l,METALS,96,1,95,98.95833333333331,96,92,37,7,0.7,0.6917293233082706,0.902439024390244,93,EXTENDED_COVERAGE,False,SPARSE_DETECTION_DESCRIPTIVE_ONLY,USE_OBSERVATION_SPECIFIC_LIMIT,False,SINGLE_DETECTION,Only one detected concentration; descriptive only. Not suitable for continuous or occurrence modelling.,False,Too few detections for stable inferential modelling; retain descriptively.,DESCRIPTIVE_ONLY,False,False,True,METALS::Yterbio::mg/l,DIRECT_ANALYTICAL,METALS::Yterbio::mg/l,True,,mg/L,METALS::Yterbio::mg/l,DESCRIPTIVE_ONLY,False,TRACE_ELEMENTS_METALS,NOT_OVERLAP_OR_NOT_APPLICABLE,DESCRIPTIVE_ONLY
METALS::Zirconio::mg/L,METALS,136,20,116,85.29411764705883,136,130,41,10,1.0,0.9774436090225564,1.0,131,CORE_COVERAGE,True,DETECTION_OCCURRENCE_ONLY,USE_OBSERVATION_SPECIFIC_LIMIT,False,,,True,Very high censoring; concentration-scale inference is not sufficiently supported. Detection occurrence may be considered if scientifically relevant.,DETECTION_OCCURRENCE,False,True,False,METALS::Zirconio::mg/L,DIRECT_ANALYTICAL,METALS::Zirconio::mg/L,True,,mg/L,METALS::Zirconio::mg/L,DETECTION_OCCURRENCE_ONLY,False,TRACE_ELEMENTS_METALS,NOT_OVERLAP_OR_NOT_APPLICABLE,ELIGIBLE_BINARY_OCCURRENCE
FIELD::Water_temperature::degC,FIELD,133,133,0,0.0,133,133,38,10,1.0,1.0,0.926829268292683,133,CORE_COVERAGE,True,PRIMARY_MP_WITH_MT_SENSITIVITY,,,,,,,STANDARD_CONTINUOUS,True,False,False,FIELD::Water_temperature::degC,PRIMARY_REPRESENTATION,WATER_TEMPERATURE,True,,degC,FIELD::Water_temperature::degC,STANDARD_CONTINUOUS,True,PHYSICOCHEMICAL,NOT_OVERLAP_OR_NOT_APPLICABLE,ELIGIBLE_PRIMARY_RESPONSE
