Response,n,Censored_n,Transformation,beta_Q_std,HDI_lower,HDI_upper,Pdirection,CQ_exponent,Mean_delta_LPD,Campaigns_Q_better,Primary_inference,C09_sensitivity
Electrical conductivity,115,0,ORIGINAL,-0.5258420808528224,-0.6981903617543883,-0.355428324105226,1.0,,0.128006479447761,8,ROBUST_NEGATIVE_Q_RESPONSE,PRIMARY_AND_SENSITIVITY_SUPPORTED
Na,115,0,LOG10,-0.4310485815108351,-0.5657112780394943,-0.2951362915626263,1.0,-0.2719953012138782,0.1406887821010179,8,ROBUST_NEGATIVE_Q_RESPONSE,PRIMARY_AND_SENSITIVITY_SUPPORTED
SO₄,115,23,ORIGINAL,-0.5488902070357987,-0.7781378218789313,-0.3393128559348792,1.0,,0.1101471391647124,8,ROBUST_NEGATIVE_Q_RESPONSE,PRIMARY_AND_SENSITIVITY_SUPPORTED
pH,115,0,ORIGINAL,-0.4622556113947942,-0.6819279076653278,-0.2341731582293864,1.0,,0.0872410646469874,8,ROBUST_NEGATIVE_Q_RESPONSE,PRIMARY_AND_SENSITIVITY_SUPPORTED
NH₄,115,8,LOG10,0.2297792380077095,-0.0911097697446643,0.5874705388970294,0.914,0.0717519660971316,-0.0329565201446856,2,NO_ROBUST_Q_SUPPORT,NO_JOINT_SUPPORT
Total coliforms,64,4,LOG10,-0.0810891184792155,-0.4152969317540179,0.2726975837348583,0.6838333333333333,,-0.0143649753802452,3,NO_ROBUST_Q_SUPPORT,NO_JOINT_SUPPORT
Al,114,13,LOG10,0.653265442765553,0.4192441623907509,0.8695220839381126,1.0,0.4036821855504665,-0.0381561169353552,8,POSITIVE_Q_ASSOCIATION_NOT_TEMPORALLY_GENERALIZABLE,SENSITIVITY_SUPPORT_ONLY
Fe,114,17,LOG10,0.579085559898548,0.2394699475447831,0.9011072877317228,0.9998333333333334,0.3090243394283535,-0.0702259574540702,7,POSITIVE_Q_ASSOCIATION_NOT_TEMPORALLY_GENERALIZABLE,SENSITIVITY_SUPPORT_ONLY
Si,114,0,ORIGINAL,-0.4226387119601933,-0.5963441942399539,-0.2474755229085984,1.0,,0.0659638672926083,6,ROBUST_NEGATIVE_Q_RESPONSE,PRIMARY_AND_SENSITIVITY_SUPPORTED
Water temperature,111,0,ORIGINAL,-0.2862871447181596,-0.451281941611238,-0.1083766643174484,0.9991666666666666,,0.0700045303972497,7,ROBUST_NEGATIVE_Q_RESPONSE,PRIMARY_AND_SENSITIVITY_SUPPORTED
