test_id,heldout_campaign,model_type,divergences,max_rhat,min_ess_bulk,min_ess_tail,QA_PASS
H3_EC_P14,C01,BASE,0,1.0,763.0,1069.0,True
H3_EC_P14,C01,H3,0,1.0,842.0,1203.0,True
H3_EC_P14,C02,BASE,0,1.0,858.0,1539.0,True
H3_EC_P14,C02,H3,0,1.01,817.0,1401.0,True
H3_EC_P14,C03,BASE,0,1.0,900.0,1692.0,True
H3_EC_P14,C03,H3,0,1.0,749.0,1327.0,True
H3_EC_P14,C04,BASE,0,1.01,786.0,1397.0,True
H3_EC_P14,C04,H3,0,1.0,806.0,1343.0,True
H3_EC_P14,C05,BASE,0,1.01,674.0,1579.0,True
H3_EC_P14,C05,H3,0,1.01,632.0,1236.0,True
H3_EC_P14,C06,BASE,0,1.0,773.0,1437.0,True
H3_EC_P14,C06,H3,0,1.0,641.0,907.0,True
H3_EC_P14,C07,BASE,0,1.0,639.0,1183.0,True
H3_EC_P14,C07,H3,0,1.01,639.0,1128.0,True
H3_EC_P14,C08,BASE,0,1.0,702.0,967.0,True
H3_EC_P14,C08,H3,0,1.01,762.0,997.0,True
H3_EC_P14,C09,BASE,0,1.01,676.0,1096.0,True
H3_EC_P14,C09,H3,0,1.01,674.0,1103.0,True
H3_EC_P14,C10,BASE,0,1.0,2149.0,3432.0,True
H3_EC_P14,C10,H3,0,1.0,636.0,1015.0,True
H3_EC_P60,C01,BASE,0,1.0,631.0,1109.0,True
H3_EC_P60,C01,H3,0,1.0,613.0,1128.0,True
H3_EC_P60,C02,BASE,0,1.01,863.0,1422.0,True
H3_EC_P60,C02,H3,0,1.01,791.0,1172.0,True
H3_EC_P60,C03,BASE,0,1.01,804.0,1276.0,True
H3_EC_P60,C03,H3,0,1.01,571.0,1441.0,True
H3_EC_P60,C04,BASE,0,1.01,791.0,1375.0,True
H3_EC_P60,C04,H3,0,1.0,851.0,1117.0,True
H3_EC_P60,C05,BASE,0,1.01,846.0,1336.0,True
H3_EC_P60,C05,H3,0,1.0,797.0,1399.0,True
H3_EC_P60,C06,BASE,0,1.01,795.0,1329.0,True
H3_EC_P60,C06,H3,0,1.01,694.0,1067.0,True
H3_EC_P60,C07,BASE,0,1.0,730.0,1023.0,True
H3_EC_P60,C07,H3,0,1.01,677.0,929.0,True
H3_EC_P60,C08,BASE,0,1.01,840.0,1382.0,True
H3_EC_P60,C08,H3,0,1.0,776.0,1189.0,True
H3_EC_P60,C09,BASE,0,1.01,868.0,1199.0,True
H3_EC_P60,C09,H3,0,1.01,546.0,1043.0,True
H3_EC_P60,C10,BASE,0,1.01,686.0,1275.0,True
H3_EC_P60,C10,H3,0,1.0,668.0,1179.0,True
H3_NA_P60,C01,BASE,0,1.01,607.0,903.0,True
H3_NA_P60,C01,H3,0,1.01,525.0,758.0,True
H3_NA_P60,C02,BASE,0,1.0,767.0,1195.0,True
H3_NA_P60,C02,H3,0,1.0,649.0,1043.0,True
H3_NA_P60,C03,BASE,0,1.0,799.0,1450.0,True
H3_NA_P60,C03,H3,0,1.0,707.0,1255.0,True
H3_NA_P60,C04,BASE,0,1.01,555.0,955.0,True
H3_NA_P60,C04,H3,0,1.0,602.0,919.0,True
H3_NA_P60,C05,BASE,0,1.01,615.0,1021.0,True
H3_NA_P60,C05,H3,0,1.01,661.0,1102.0,True
H3_NA_P60,C06,BASE,0,1.01,613.0,1072.0,True
H3_NA_P60,C06,H3,0,1.01,617.0,892.0,True
H3_NA_P60,C07,BASE,0,1.0,626.0,1047.0,True
H3_NA_P60,C07,H3,0,1.0,463.0,940.0,True
H3_NA_P60,C08,BASE,0,1.0,717.0,1168.0,True
H3_NA_P60,C08,H3,0,1.01,682.0,1088.0,True
H3_NA_P60,C09,BASE,0,1.01,641.0,1137.0,True
H3_NA_P60,C09,H3,0,1.01,603.0,975.0,True
H3_NA_P60,C10,BASE,0,1.01,487.0,836.0,True
H3_NA_P60,C10,H3,0,1.0,410.0,745.0,True
H3_SO4_P60,C01,BASE,0,1.0,994.0,1658.0,True
H3_SO4_P60,C01,H3,0,1.0,821.0,1398.0,True
H3_SO4_P60,C02,BASE,0,1.0,876.0,1370.0,True
H3_SO4_P60,C02,H3,0,1.01,703.0,1128.0,True
H3_SO4_P60,C03,BASE,0,1.0,1001.0,1594.0,True
H3_SO4_P60,C03,H3,0,1.0,793.0,1317.0,True
H3_SO4_P60,C04,BASE,0,1.01,696.0,1494.0,True
H3_SO4_P60,C04,H3,0,1.0,673.0,1022.0,True
H3_SO4_P60,C05,BASE,0,1.0,984.0,1597.0,True
H3_SO4_P60,C05,H3,0,1.01,748.0,1598.0,True
H3_SO4_P60,C06,BASE,0,1.0,881.0,1479.0,True
H3_SO4_P60,C06,H3,0,1.01,714.0,1210.0,True
H3_SO4_P60,C07,BASE,0,1.01,802.0,1186.0,True
H3_SO4_P60,C07,H3,0,1.01,702.0,1097.0,True
H3_SO4_P60,C08,BASE,0,1.0,792.0,1169.0,True
H3_SO4_P60,C08,H3,0,1.0,799.0,1348.0,True
H3_SO4_P60,C09,BASE,0,1.0,1014.0,1549.0,True
H3_SO4_P60,C09,H3,0,1.01,892.0,1540.0,True
H3_SO4_P60,C10,BASE,0,1.01,810.0,1082.0,True
H3_SO4_P60,C10,H3,0,1.0,811.0,1339.0,True
H3_TEMP_SMROOT90,C01,BASE,0,1.0,779.0,1259.0,True
H3_TEMP_SMROOT90,C01,H3,0,1.01,641.0,815.0,True
H3_TEMP_SMROOT90,C02,BASE,0,1.01,640.0,1184.0,True
H3_TEMP_SMROOT90,C02,H3,0,1.01,778.0,1431.0,True
H3_TEMP_SMROOT90,C03,BASE,0,1.01,606.0,935.0,True
H3_TEMP_SMROOT90,C03,H3,0,1.0,778.0,1354.0,True
H3_TEMP_SMROOT90,C04,BASE,0,1.01,671.0,757.0,True
H3_TEMP_SMROOT90,C04,H3,0,1.0,935.0,1416.0,True
H3_TEMP_SMROOT90,C05,BASE,0,1.0,735.0,1397.0,True
H3_TEMP_SMROOT90,C05,H3,0,1.01,756.0,1199.0,True
H3_TEMP_SMROOT90,C06,BASE,0,1.01,723.0,1083.0,True
H3_TEMP_SMROOT90,C06,H3,0,1.0,874.0,1528.0,True
H3_TEMP_SMROOT90,C07,BASE,0,1.01,851.0,1460.0,True
H3_TEMP_SMROOT90,C07,H3,0,1.0,639.0,1018.0,True
H3_TEMP_SMROOT90,C08,BASE,0,1.01,761.0,1446.0,True
H3_TEMP_SMROOT90,C08,H3,0,1.01,786.0,912.0,True
H3_TEMP_SMROOT90,C09,BASE,0,1.0,824.0,1408.0,True
H3_TEMP_SMROOT90,C09,H3,0,1.0,877.0,1455.0,True
H3_TEMP_SMROOT90,C10,BASE,0,1.01,663.0,1076.0,True
H3_TEMP_SMROOT90,C10,H3,0,1.0,738.0,1070.0,True
