test_id,test_label,heldout_campaign,n_test_BASE,lpd_mean_per_obs_BASE,lpd_mean_per_obs_H3,delta_LPD_H3_minus_BASE,H3_better
H3_EC_P14,Electrical conductivity — precipitation 14 d,C01,12,-1.3137240462483435,-1.2892074139044476,0.0245166323438958,True
H3_EC_P14,Electrical conductivity — precipitation 14 d,C02,11,-0.7862202431475094,-0.651916614814681,0.1343036283328283,True
H3_EC_P14,Electrical conductivity — precipitation 14 d,C03,12,-0.9201324641863476,-0.7751803334159412,0.1449521307704064,True
H3_EC_P14,Electrical conductivity — precipitation 14 d,C04,13,-0.763927412130933,-0.6414101581089701,0.1225172540219629,True
H3_EC_P14,Electrical conductivity — precipitation 14 d,C05,10,-0.6838676070647782,-0.4999196809434886,0.1839479261212896,True
H3_EC_P14,Electrical conductivity — precipitation 14 d,C06,10,-0.8819611880062019,-1.113272629304787,-0.231311441298585,False
H3_EC_P14,Electrical conductivity — precipitation 14 d,C07,11,-1.0450163978992544,-1.3810290755705736,-0.3360126776713192,False
H3_EC_P14,Electrical conductivity — precipitation 14 d,C08,11,-1.2112055587970316,-1.258413993574669,-0.0472084347776373,False
H3_EC_P14,Electrical conductivity — precipitation 14 d,C09,2,-1.2273122368278924,-1.1503804503431745,0.0769317864847178,True
H3_EC_P14,Electrical conductivity — precipitation 14 d,C10,8,-1.851226713913169,-1.5558354692161285,0.2953912446970406,True
H3_EC_P60,Electrical conductivity — precipitation 60 d,C01,12,-1.390016882398964,-1.3988450665001302,-0.0088281841011661,False
H3_EC_P60,Electrical conductivity — precipitation 60 d,C02,11,-0.7907699233527423,-0.6214901062572379,0.1692798170955044,True
H3_EC_P60,Electrical conductivity — precipitation 60 d,C03,12,-0.9497900495941988,-0.7612516892864297,0.188538360307769,True
H3_EC_P60,Electrical conductivity — precipitation 60 d,C04,13,-0.7717016286425227,-0.6223461496520896,0.1493554789904331,True
H3_EC_P60,Electrical conductivity — precipitation 60 d,C05,10,-0.6804512011450575,-0.4585084496341447,0.2219427515109128,True
H3_EC_P60,Electrical conductivity — precipitation 60 d,C06,10,-0.8649729731607285,-1.104718025517791,-0.2397450523570625,False
H3_EC_P60,Electrical conductivity — precipitation 60 d,C07,11,-0.961829358964724,-1.2007692203410836,-0.2389398613763595,False
H3_EC_P60,Electrical conductivity — precipitation 60 d,C08,11,-1.1925770523765988,-1.2558954968681482,-0.0633184444915493,False
H3_EC_P60,Electrical conductivity — precipitation 60 d,C09,2,-1.2771630455449694,-1.11360553410232,0.1635575114426493,True
H3_EC_P60,Electrical conductivity — precipitation 60 d,C10,8,-1.6730921283889817,-1.2221940408251888,0.4508980875637929,True
H3_NA_P60,Na — precipitation 60 d,C01,12,-0.6827299788574993,-0.7487298303714001,-0.0659998515139007,False
H3_NA_P60,Na — precipitation 60 d,C02,11,-0.4210541587709939,-0.2299920709884168,0.191062087782577,True
H3_NA_P60,Na — precipitation 60 d,C03,12,-0.4540067755389388,-0.3475839489438484,0.1064228265950903,True
H3_NA_P60,Na — precipitation 60 d,C04,13,-0.4662966566784836,-0.5649190037252633,-0.0986223470467796,False
H3_NA_P60,Na — precipitation 60 d,C05,10,-0.3308247879099139,-0.1595937045956933,0.1712310833142205,True
H3_NA_P60,Na — precipitation 60 d,C06,10,-0.6211253432633168,-0.6391214621253802,-0.0179961188620634,False
H3_NA_P60,Na — precipitation 60 d,C07,11,-0.4949709225564261,-0.4751868553112073,0.0197840672452188,True
H3_NA_P60,Na — precipitation 60 d,C08,11,-0.3909174325846515,-0.346242174512413,0.0446752580722384,True
H3_NA_P60,Na — precipitation 60 d,C09,2,-0.8153121078516169,-0.6808598695099459,0.1344522383416709,True
H3_NA_P60,Na — precipitation 60 d,C10,8,-3.52444061687796,-2.9887383736040425,0.5357022432739176,True
H3_SO4_P60,SO₄ — precipitation 60 d,C01,7,-2.1272380667077693,-1.896987575031412,0.2302504916763572,True
H3_SO4_P60,SO₄ — precipitation 60 d,C02,9,-0.8132894557821823,-0.6232909099618923,0.1899985458202899,True
H3_SO4_P60,SO₄ — precipitation 60 d,C03,9,-0.979169625820258,-0.8370232483602564,0.1421463774600015,True
H3_SO4_P60,SO₄ — precipitation 60 d,C04,9,-0.7502082057281632,-0.8261867488476196,-0.0759785431194564,False
H3_SO4_P60,SO₄ — precipitation 60 d,C05,9,-0.6815690781787849,-0.5503560726300543,0.1312130055487306,True
H3_SO4_P60,SO₄ — precipitation 60 d,C06,7,-0.806903642236828,-0.8880403629868864,-0.0811367207500584,False
H3_SO4_P60,SO₄ — precipitation 60 d,C07,8,-1.0144486618569228,-1.1903665068958236,-0.1759178450389007,False
H3_SO4_P60,SO₄ — precipitation 60 d,C08,10,-1.4046127922393326,-1.3715315817956788,0.0330812104436537,True
H3_SO4_P60,SO₄ — precipitation 60 d,C09,2,-1.5593003434429966,-1.4109526032213102,0.1483477402216864,True
H3_SO4_P60,SO₄ — precipitation 60 d,C10,7,-1.1567798847137571,-0.7920324397156174,0.3647474449981397,True
H3_TEMP_SMROOT90,Water temperature — root-zone soil moisture 90 d,C01,8,-0.6339296304509932,-0.6308323887832881,0.003097241667705,True
H3_TEMP_SMROOT90,Water temperature — root-zone soil moisture 90 d,C02,11,-0.7624672123569476,-0.781976528885641,-0.0195093165286933,False
H3_TEMP_SMROOT90,Water temperature — root-zone soil moisture 90 d,C03,12,-1.95689208429287,-2.2100365650156246,-0.2531444807227545,False
H3_TEMP_SMROOT90,Water temperature — root-zone soil moisture 90 d,C04,13,-1.041443181543317,-1.0212165586001882,0.0202266229431287,True
H3_TEMP_SMROOT90,Water temperature — root-zone soil moisture 90 d,C05,11,-0.7208414606702139,-0.7123601008906132,0.0084813597796007,True
H3_TEMP_SMROOT90,Water temperature — root-zone soil moisture 90 d,C06,9,-0.9591114758685144,-1.0952015430469866,-0.1360900671784721,False
H3_TEMP_SMROOT90,Water temperature — root-zone soil moisture 90 d,C07,12,-0.6829816744312162,-0.6665026261127908,0.0164790483184253,True
H3_TEMP_SMROOT90,Water temperature — root-zone soil moisture 90 d,C08,11,-0.9540631074146912,-0.9600892989066908,-0.0060261914919995,False
H3_TEMP_SMROOT90,Water temperature — root-zone soil moisture 90 d,C09,2,-1.3727671418916474,-1.3318925181484371,0.0408746237432102,True
H3_TEMP_SMROOT90,Water temperature — root-zone soil moisture 90 d,C10,8,-0.6898177492352193,-0.6865467890947312,0.0032709601404881,True
