check,state,expected,pass
fits_exactly_200,True,True,True
jobs_unique_200,True,True,True
all_fit_diagnostics_pass,True,True,True
all_zero_divergences,True,True,True
all_Rhat_le_1_01,True,True,True
all_ESS_ge_400,True,True,True
fifty_complete_folds,True,True,True
four_models_each_fold,True,True,True
five_final_tests,True,True,True
ten_campaigns_each_test,True,True,True
full_data_directional_gate_preserved,True,True,True
all_LPD_finite,True,True,True
observed_Q_only,True,True,True
training_only_scaling,True,True,True
window_search_performed,False,False,True
HxQ_interaction_used,False,False,True
C09_reconstructed_Q_used,False,False,True
support_gate_relaxed,False,False,True
architecture_changed,False,False,True
