response_label,hydro_family_label,window_days,hydro_var,response_key,response_interpretation_role,hydro_family,posterior_beta_mean,posterior_beta_hdi_low,posterior_beta_hdi_high,posterior_dominant_sign_probability,mean_campaign_lpd,delta_best_mean,delta_best_se,delta_best_ci95_low,delta_best_ci95_high,delta_short_mean,delta_short_se,delta_short_ci95_low,delta_short_ci95_high,posterior_directional_support,predictive_plateau_support,joint_supported_window,supported_antecedent_memory_window,is_descriptive_best,is_shortest_reference
Electrical conductivity,Air temperature,7,tair_mean_7d,AC::C.E._SOL::dS/m,HYDROCHEMICAL_RESPONSE,air_temperature,-0.0911752466208568,-0.206,0.013,0.9445,-1.1704439735484873,-0.0326112009918769,0.0190260193057191,-0.0756510468449097,0.0104286448611559,0.0,0.0,0.0,0.0,False,False,False,False,False,True
Electrical conductivity,Air temperature,14,tair_mean_14d,AC::C.E._SOL::dS/m,HYDROCHEMICAL_RESPONSE,air_temperature,-0.0910926316775082,-0.218,0.02,0.928,-1.1674775883288846,-0.0296448157722744,0.0197533095212613,-0.0743299063958698,0.0150402748513209,0.0029663852196024,0.0047191794663365,-0.0077091404129646,0.0136419108521695,False,False,False,False,False,False
Electrical conductivity,Air temperature,30,tair_mean_30d,AC::C.E._SOL::dS/m,HYDROCHEMICAL_RESPONSE,air_temperature,-0.0849405576415478,-0.207,0.029,0.9185,-1.1723825234271286,-0.0345497508705182,0.0196117706300909,-0.0789146582776301,0.0098151565365936,-0.0019385498786413,0.0097802448425297,-0.0240630008036368,0.0201859010463541,False,False,False,False,False,False
Electrical conductivity,Air temperature,60,tair_mean_60d,AC::C.E._SOL::dS/m,HYDROCHEMICAL_RESPONSE,air_temperature,-0.0875096145532201,-0.216,0.024,0.9205,-1.1667160900125082,-0.0288833174558978,0.0135879175011598,-0.0596213223594173,0.0018546874476215,0.003727883535979,0.012844446752775,-0.0253282736887091,0.0327840407606672,False,False,False,False,False,False
Electrical conductivity,Air temperature,90,tair_mean_90d,AC::C.E._SOL::dS/m,HYDROCHEMICAL_RESPONSE,air_temperature,-0.1515555199414378,-0.259,-0.03,0.9945,-1.1378327725566102,0.0,0.0,0.0,0.0,0.0326112009918769,0.0190260193057191,-0.0104286448611559,0.0756510468449097,True,True,True,False,True,False
Electrical conductivity,Potential evaporation,7,pet_sum_7d,AC::C.E._SOL::dS/m,HYDROCHEMICAL_RESPONSE,pet,0.0341626215010601,-0.089,0.156,0.712,-1.1876965310290328,-0.0016260072163247,0.0128474601228618,-0.0306889811577389,0.0274369667250895,0.0,0.0,0.0,0.0,False,True,False,False,False,True
Electrical conductivity,Potential evaporation,14,pet_sum_14d,AC::C.E._SOL::dS/m,HYDROCHEMICAL_RESPONSE,pet,0.0397703213043664,-0.081,0.16,0.753,-1.190471223460702,-0.0044006996479937,0.0162295155002639,-0.0411144143865673,0.0323130150905799,-0.002774692431669,0.0078304805019542,-0.0204884699877542,0.0149390851244162,False,True,False,False,False,False
Electrical conductivity,Potential evaporation,30,pet_sum_30d,AC::C.E._SOL::dS/m,HYDROCHEMICAL_RESPONSE,pet,0.0090019626269976,-0.104,0.127,0.555,-1.2020983701931445,-0.0160278463804361,0.0196839355026243,-0.0605560020708558,0.0285003093099835,-0.0144018391641114,0.0178412704509803,-0.0547615969092138,0.0259579185809908,False,True,False,False,False,False
Electrical conductivity,Potential evaporation,60,pet_sum_60d,AC::C.E._SOL::dS/m,HYDROCHEMICAL_RESPONSE,pet,-0.0068139468702373,-0.128,0.116,0.5405,-1.1976329169565545,-0.0115623931438464,0.0146812575884648,-0.0447737051572983,0.0216489188696054,-0.0099363859275217,0.0147199884600781,-0.0432353132596172,0.0233625414045737,False,True,False,False,False,False
Electrical conductivity,Potential evaporation,90,pet_sum_90d,AC::C.E._SOL::dS/m,HYDROCHEMICAL_RESPONSE,pet,-0.0403465002874867,-0.158,0.084,0.751,-1.1860705238127085,0.0,0.0,0.0,0.0,0.0016260072163247,0.0128474601228618,-0.0274369667250895,0.0306889811577389,False,True,False,False,True,False
Electrical conductivity,Precipitation,1,ppt_sum_1d,AC::C.E._SOL::dS/m,HYDROCHEMICAL_RESPONSE,precipitation,-0.1085151482039557,-0.241,0.012,0.9525,-1.1615886999338243,-0.2060603516426988,0.0477989223680051,-0.3141890262541887,-0.0979316770312089,0.0,0.0,0.0,0.0,False,False,False,False,False,True
Electrical conductivity,Precipitation,3,ppt_sum_3d,AC::C.E._SOL::dS/m,HYDROCHEMICAL_RESPONSE,precipitation,-0.2630925070372039,-0.385,-0.151,1.0,-1.0771719281405936,-0.1216435798494679,0.0571497436754714,-0.2509252818602113,0.0076381221612754,0.0844167717932309,0.0396099074711293,-0.0051870641125724,0.1740206076990342,True,False,False,False,False,False
Electrical conductivity,Precipitation,7,ppt_sum_7d,AC::C.E._SOL::dS/m,HYDROCHEMICAL_RESPONSE,precipitation,-0.3446228187022477,-0.446,-0.247,1.0,-0.9793827746285456,-0.0238544263374199,0.0136663943222753,-0.0547699581439437,0.0070611054691038,0.1822059253052789,0.0464775075693156,0.0770664986457459,0.2873453519648119,True,False,False,False,False,False
Electrical conductivity,Precipitation,14,ppt_sum_14d,AC::C.E._SOL::dS/m,HYDROCHEMICAL_RESPONSE,precipitation,-0.3599839663872696,-0.457,-0.255,1.0,-0.9672638748093983,-0.0117355265182729,0.0276730774698443,-0.0743363769348977,0.0508653238983517,0.1943248251244259,0.0358219750810983,0.1132898876071382,0.2753597626417136,True,True,True,True,False,False
Electrical conductivity,Precipitation,30,ppt_sum_30d,AC::C.E._SOL::dS/m,HYDROCHEMICAL_RESPONSE,precipitation,-0.3100571478479296,-0.404,-0.201,1.0,-1.0347726316169044,-0.0792442833257787,0.0297283087998029,-0.1464943900167916,-0.0119941766347659,0.12681606831692,0.035765751553468,0.0459083172553822,0.2077238193784579,True,False,False,False,False,False
Electrical conductivity,Precipitation,60,ppt_sum_60d,AC::C.E._SOL::dS/m,HYDROCHEMICAL_RESPONSE,precipitation,-0.3654455652337751,-0.463,-0.266,1.0,-0.9555283482911257,0.0,0.0,0.0,0.0,0.2060603516426988,0.0477989223680051,0.0979316770312089,0.3141890262541887,True,True,True,True,True,False
Electrical conductivity,Precipitation,90,ppt_sum_90d,AC::C.E._SOL::dS/m,HYDROCHEMICAL_RESPONSE,precipitation,-0.354629159728203,-0.462,-0.264,1.0,-0.9689272864545814,-0.0133989381634557,0.009993649158051,-0.0360061431893918,0.0092082668624802,0.1926614134792431,0.0415664210276177,0.0986316364174084,0.2866911905410777,True,False,False,False,False,False
Electrical conductivity,Root-zone soil moisture,1,sm_rootzone_mean_1d,AC::C.E._SOL::dS/m,HYDROCHEMICAL_RESPONSE,rootzone_soil_moisture,-0.3557773875402366,-0.459,-0.26,1.0,-0.9758090424076974,-0.0066617680837307,0.0044360139549523,-0.0166967288264468,0.0033731926589853,0.0,0.0,0.0,0.0,True,False,False,False,False,True
Electrical conductivity,Root-zone soil moisture,7,sm_rootzone_mean_7d,AC::C.E._SOL::dS/m,HYDROCHEMICAL_RESPONSE,rootzone_soil_moisture,-0.3597668180360331,-0.456,-0.265,1.0,-0.9691472743239666,0.0,0.0,0.0,0.0,0.0066617680837307,0.0044360139549523,-0.0033731926589853,0.0166967288264468,True,True,True,False,True,False
Electrical conductivity,Root-zone soil moisture,14,sm_rootzone_mean_14d,AC::C.E._SOL::dS/m,HYDROCHEMICAL_RESPONSE,rootzone_soil_moisture,-0.3535407882270506,-0.456,-0.259,1.0,-0.9696005230151548,-0.0004532486911882,0.0090652961159244,-0.0209603732332202,0.0200538758508436,0.0062085193925424,0.0117675736720892,-0.0204115816791874,0.0328286204642723,True,True,True,False,False,False
Electrical conductivity,Root-zone soil moisture,30,sm_rootzone_mean_30d,AC::C.E._SOL::dS/m,HYDROCHEMICAL_RESPONSE,rootzone_soil_moisture,-0.3386254767076611,-0.439,-0.245,1.0,-0.9859869307178036,-0.016839656393837,0.0217865505255901,-0.0661242577191836,0.0324449449315095,-0.0101778883101063,0.0235962003460529,-0.0635562019390703,0.0432004253188577,True,True,True,False,False,False
Electrical conductivity,Root-zone soil moisture,60,sm_rootzone_mean_60d,AC::C.E._SOL::dS/m,HYDROCHEMICAL_RESPONSE,rootzone_soil_moisture,-0.3062584269024317,-0.405,-0.21,1.0,-1.0360660096772398,-0.0669187353532733,0.045113339410118,-0.16897219924014,0.0351347285335934,-0.0602569672695425,0.0459789324375614,-0.1642685386235567,0.0437546040844716,True,False,False,False,False,False
Electrical conductivity,Root-zone soil moisture,90,sm_rootzone_mean_90d,AC::C.E._SOL::dS/m,HYDROCHEMICAL_RESPONSE,rootzone_soil_moisture,-0.2376845560016193,-0.338,-0.133,1.0,-1.094216035935172,-0.1250687616112054,0.0425546586570976,-0.2213340875051701,-0.0288034357172407,-0.1184069935274747,0.0430818430512694,-0.2158648933748599,-0.0209490936800894,True,False,False,False,False,False
Electrical conductivity,Surface soil moisture,1,sm_surface_mean_1d,AC::C.E._SOL::dS/m,HYDROCHEMICAL_RESPONSE,surface_soil_moisture,-0.2437166755222043,-0.358,-0.139,1.0,-1.1191697726707024,-0.1044880205030912,0.0666583748728315,-0.2552797406858808,0.0463036996796984,0.0,0.0,0.0,0.0,True,False,False,False,False,True
Electrical conductivity,Surface soil moisture,7,sm_surface_mean_7d,AC::C.E._SOL::dS/m,HYDROCHEMICAL_RESPONSE,surface_soil_moisture,-0.2532428160868922,-0.362,-0.146,1.0,-1.0995507409752392,-0.084868988807628,0.0566138904353107,-0.2129385065729033,0.0432005289576473,0.0196190316954632,0.0207264293044897,-0.0272674088160773,0.0665054722070037,True,False,False,False,False,False
Electrical conductivity,Surface soil moisture,14,sm_surface_mean_14d,AC::C.E._SOL::dS/m,HYDROCHEMICAL_RESPONSE,surface_soil_moisture,-0.2506998288249937,-0.36,-0.145,1.0,-1.085601419031731,-0.0709196668641198,0.0383680250921852,-0.1577141696509725,0.0158748359227329,0.0335683536389714,0.0424169043744863,-0.0623853504178702,0.129522057695813,True,False,False,False,False,False
Electrical conductivity,Surface soil moisture,30,sm_surface_mean_30d,AC::C.E._SOL::dS/m,HYDROCHEMICAL_RESPONSE,surface_soil_moisture,-0.2780282246547175,-0.38,-0.172,1.0,-1.067875032453539,-0.0531932802859282,0.0183985455177329,-0.094813681814965,-0.0115728787568913,0.051294740217163,0.0614452298886465,-0.0877040266986555,0.1902935071329815,True,False,False,False,False,False
Electrical conductivity,Surface soil moisture,60,sm_surface_mean_60d,AC::C.E._SOL::dS/m,HYDROCHEMICAL_RESPONSE,surface_soil_moisture,-0.3187480468253389,-0.421,-0.203,1.0,-1.0146817521676113,0.0,0.0,0.0,0.0,0.1044880205030912,0.0666583748728315,-0.0463036996796984,0.2552797406858808,True,True,True,False,True,False
Electrical conductivity,Surface soil moisture,90,sm_surface_mean_90d,AC::C.E._SOL::dS/m,HYDROCHEMICAL_RESPONSE,surface_soil_moisture,-0.2837115241160827,-0.388,-0.186,1.0,-1.0529043675235596,-0.0382226153559484,0.0387307382927625,-0.1258376324075488,0.0493924016956518,0.0662654051471427,0.0656777631422766,-0.0823080171853933,0.2148388274796787,True,True,True,False,False,False
NH₄,Air temperature,7,tair_mean_7d,AC::NH4::mg/L,HYDROCHEMICAL_RESPONSE,air_temperature,0.3999414938605049,0.155,0.643,0.9995,-2.731439841242289,0.0,0.0,0.0,0.0,0.0,0.0,0.0,0.0,True,True,True,False,True,True
NH₄,Air temperature,14,tair_mean_14d,AC::NH4::mg/L,HYDROCHEMICAL_RESPONSE,air_temperature,0.4645737245214544,0.183,0.721,0.9995,-2.74583195004128,-0.0143921087989897,0.0423503526365001,-0.1101952623650455,0.081411044767066,-0.0143921087989897,0.0423503526365001,-0.1101952623650455,0.081411044767066,True,True,True,False,False,False
NH₄,Air temperature,30,tair_mean_30d,AC::NH4::mg/L,HYDROCHEMICAL_RESPONSE,air_temperature,0.5815232039471946,0.313,0.82,1.0,-2.776459114698373,-0.045019273456083,0.099408084592306,-0.2698959840621744,0.1798574371500083,-0.045019273456083,0.099408084592306,-0.2698959840621744,0.1798574371500083,True,True,True,False,False,False
NH₄,Air temperature,60,tair_mean_60d,AC::NH4::mg/L,HYDROCHEMICAL_RESPONSE,air_temperature,0.60032671614992,0.339,0.84,1.0,-2.749290566017588,-0.0178507247752981,0.2310695217671623,-0.5405662985581556,0.5048648490075593,-0.0178507247752981,0.2310695217671623,-0.5405662985581556,0.5048648490075593,True,True,True,False,False,False
NH₄,Air temperature,90,tair_mean_90d,AC::NH4::mg/L,HYDROCHEMICAL_RESPONSE,air_temperature,0.5662574168281169,0.32,0.829,1.0,-2.7618909455914507,-0.0304511043491614,0.2247594152643187,-0.5388922255082391,0.4779900168099162,-0.0304511043491614,0.2247594152643187,-0.5388922255082391,0.4779900168099162,True,True,True,False,False,False
NH₄,Potential evaporation,7,pet_sum_7d,AC::NH4::mg/L,HYDROCHEMICAL_RESPONSE,pet,0.3317287990701117,0.067,0.588,0.9935,-2.628688926517884,-0.0359976425991469,0.0481767213846572,-0.1449809579622755,0.0729856727639816,0.0,0.0,0.0,0.0,True,True,True,False,False,True
NH₄,Potential evaporation,14,pet_sum_14d,AC::NH4::mg/L,HYDROCHEMICAL_RESPONSE,pet,0.4336323892241837,0.18,0.693,1.0,-2.5926912839187373,0.0,0.0,0.0,0.0,0.0359976425991469,0.0481767213846572,-0.0729856727639816,0.1449809579622755,True,True,True,False,True,False
NH₄,Potential evaporation,30,pet_sum_30d,AC::NH4::mg/L,HYDROCHEMICAL_RESPONSE,pet,0.6131187174479442,0.374,0.86,1.0,-2.602178233991461,-0.0094869500727237,0.0575071863640863,-0.1395772436218272,0.1206033434763797,0.0265106925264231,0.0928836207937023,-0.1836066555638744,0.2366280406167208,True,True,True,False,False,False
NH₄,Potential evaporation,60,pet_sum_60d,AC::NH4::mg/L,HYDROCHEMICAL_RESPONSE,pet,0.6218560824835464,0.351,0.86,1.0,-2.624248870740512,-0.0315575868217747,0.0944664846196736,-0.245255621653816,0.1821404480102665,0.0044400557773721,0.1093497933249791,-0.2429263624493447,0.251806474004089,True,True,True,False,False,False
NH₄,Potential evaporation,90,pet_sum_90d,AC::NH4::mg/L,HYDROCHEMICAL_RESPONSE,pet,0.6545956174251053,0.418,0.908,1.0,-2.6119562827040617,-0.0192649987853246,0.1420100393790876,-0.3405140265639204,0.3019840289932711,0.0167326438138223,0.1635549796648432,-0.3532544249554593,0.3867197125831039,True,True,True,False,False,False
NH₄,Precipitation,1,ppt_sum_1d,AC::NH4::mg/L,HYDROCHEMICAL_RESPONSE,precipitation,0.0980126618716531,-0.164,0.397,0.766,-2.481914901465218,0.0,0.0,0.0,0.0,0.0,0.0,0.0,0.0,False,True,False,False,True,True
NH₄,Precipitation,3,ppt_sum_3d,AC::NH4::mg/L,HYDROCHEMICAL_RESPONSE,precipitation,0.1279520294944419,-0.121,0.388,0.8355,-2.5555470508304934,-0.0736321493652743,0.0561805133130748,-0.2007212999692667,0.053457001238718,-0.0736321493652743,0.0561805133130748,-0.2007212999692667,0.053457001238718,False,False,False,False,False,False
NH₄,Precipitation,7,ppt_sum_7d,AC::NH4::mg/L,HYDROCHEMICAL_RESPONSE,precipitation,0.1612876252313826,-0.102,0.43,0.8905,-2.6597114037599505,-0.177796502294732,0.1395060615167585,-0.493381138616432,0.137788134026968,-0.177796502294732,0.1395060615167585,-0.493381138616432,0.137788134026968,False,False,False,False,False,False
NH₄,Precipitation,14,ppt_sum_14d,AC::NH4::mg/L,HYDROCHEMICAL_RESPONSE,precipitation,0.1185631739084754,-0.136,0.363,0.816,-2.701395093127995,-0.2194801916627762,0.180881931888598,-0.6286635495154556,0.1897031661899031,-0.2194801916627762,0.180881931888598,-0.6286635495154556,0.1897031661899031,False,False,False,False,False,False
NH₄,Precipitation,30,ppt_sum_30d,AC::NH4::mg/L,HYDROCHEMICAL_RESPONSE,precipitation,0.020266535567649,-0.226,0.295,0.551,-2.6903175878136354,-0.2084026863484167,0.1869212702052338,-0.631247976632973,0.2144426039361395,-0.2084026863484167,0.1869212702052338,-0.631247976632973,0.2144426039361395,False,False,False,False,False,False
NH₄,Precipitation,60,ppt_sum_60d,AC::NH4::mg/L,HYDROCHEMICAL_RESPONSE,precipitation,0.0758490684741458,-0.214,0.336,0.723,-2.801834453112167,-0.3199195516469485,0.2861048925274724,-0.9671337836055726,0.3272946803116755,-0.3199195516469485,0.2861048925274724,-0.9671337836055726,0.3272946803116755,False,False,False,False,False,False
NH₄,Precipitation,90,ppt_sum_90d,AC::NH4::mg/L,HYDROCHEMICAL_RESPONSE,precipitation,0.0123324237230577,-0.232,0.276,0.541,-2.77358093918521,-0.2916660377199914,0.2716704117606139,-0.9062272056197868,0.3228951301798038,-0.2916660377199914,0.2716704117606139,-0.9062272056197868,0.3228951301798038,False,False,False,False,False,False
NH₄,Root-zone soil moisture,1,sm_rootzone_mean_1d,AC::NH4::mg/L,HYDROCHEMICAL_RESPONSE,rootzone_soil_moisture,0.0005239484505939,-0.271,0.258,0.501,-2.786714831132337,-0.2736217510006531,0.2510116360809787,-0.8414495215209656,0.2942060195196592,0.0,0.0,0.0,0.0,False,False,False,False,False,True
NH₄,Root-zone soil moisture,7,sm_rootzone_mean_7d,AC::NH4::mg/L,HYDROCHEMICAL_RESPONSE,rootzone_soil_moisture,-0.0395468010096073,-0.322,0.213,0.621,-2.7924061571036494,-0.2793130769719656,0.2640377564779562,-0.8766079790525005,0.3179818251085692,-0.0056913259713125,0.0137075781088671,-0.0367000219756683,0.0253173700330432,False,False,False,False,False,False
NH₄,Root-zone soil moisture,14,sm_rootzone_mean_14d,AC::NH4::mg/L,HYDROCHEMICAL_RESPONSE,rootzone_soil_moisture,-0.0574175122572789,-0.31,0.192,0.681,-2.77927938779476,-0.2661863076630761,0.2561369581157759,-0.8456083621363392,0.3132357468101868,0.0074354433375769,0.0088944178227718,-0.0126851276496235,0.0275560143247775,False,False,False,False,False,False
NH₄,Root-zone soil moisture,30,sm_rootzone_mean_30d,AC::NH4::mg/L,HYDROCHEMICAL_RESPONSE,rootzone_soil_moisture,-0.0759887334276262,-0.333,0.196,0.716,-2.736921108798339,-0.2238280286666552,0.2136185921888903,-0.7070668571055623,0.2594107997722518,0.0497937223339979,0.0391720113383092,-0.0388195236983604,0.1384069683663563,False,False,False,False,False,False
NH₄,Root-zone soil moisture,60,sm_rootzone_mean_60d,AC::NH4::mg/L,HYDROCHEMICAL_RESPONSE,rootzone_soil_moisture,-0.1230676332231832,-0.4,0.14,0.823,-2.614775281702047,-0.1016822015703625,0.097012103244692,-0.3211388258088841,0.117774422668159,0.1719395494302905,0.155196112097293,-0.1791384471977086,0.5230175460582898,False,False,False,False,False,False
NH₄,Root-zone soil moisture,90,sm_rootzone_mean_90d,AC::NH4::mg/L,HYDROCHEMICAL_RESPONSE,rootzone_soil_moisture,-0.2084617558249777,-0.449,0.041,0.943,-2.513093080131684,0.0,0.0,0.0,0.0,0.2736217510006531,0.2510116360809787,-0.2942060195196592,0.8414495215209656,False,True,False,False,True,False
NH₄,Surface soil moisture,1,sm_surface_mean_1d,AC::NH4::mg/L,HYDROCHEMICAL_RESPONSE,surface_soil_moisture,0.0391415742308212,-0.23,0.295,0.598,-2.784321124769679,-0.1511742419561834,0.1100199297157726,-0.4000566140194231,0.0977081301070563,0.0,0.0,0.0,0.0,False,False,False,False,False,True
NH₄,Surface soil moisture,7,sm_surface_mean_7d,AC::NH4::mg/L,HYDROCHEMICAL_RESPONSE,surface_soil_moisture,-0.0579380854039697,-0.316,0.205,0.6735,-2.7783411748316484,-0.1451942920181525,0.0721078535552488,-0.308313589436193,0.0179250053998879,0.0059799499380308,0.093441554383091,-0.2053995316178994,0.217359431493961,False,False,False,False,False,False
NH₄,Surface soil moisture,14,sm_surface_mean_14d,AC::NH4::mg/L,HYDROCHEMICAL_RESPONSE,surface_soil_moisture,-0.1341690572215696,-0.375,0.13,0.854,-2.727292394100636,-0.0941455112871403,0.040652966089235,-0.1861089097171681,-0.0021821128571124,0.057028730669043,0.1033423395895535,-0.1767478830595661,0.2908053443976523,False,False,False,False,False,False
NH₄,Surface soil moisture,30,sm_surface_mean_30d,AC::NH4::mg/L,HYDROCHEMICAL_RESPONSE,surface_soil_moisture,-0.0905159775526252,-0.363,0.166,0.7495,-2.78908294358308,-0.1559360607695831,0.0969837270260134,-0.3753284935417661,0.0634563720025998,-0.0047618188133997,0.1428525419911822,-0.3279167199106685,0.318393082283869,False,False,False,False,False,False
NH₄,Surface soil moisture,60,sm_surface_mean_60d,AC::NH4::mg/L,HYDROCHEMICAL_RESPONSE,surface_soil_moisture,-0.1618952804637931,-0.402,0.097,0.887,-2.8161889388622967,-0.183042056048801,0.1457030573850032,-0.5126452709620282,0.1465611588644259,-0.0318678140926177,0.1884747309393575,-0.4582272767040845,0.3944916485188491,False,False,False,False,False,False
NH₄,Surface soil moisture,90,sm_surface_mean_90d,AC::NH4::mg/L,HYDROCHEMICAL_RESPONSE,surface_soil_moisture,-0.3131868002101077,-0.575,-0.056,0.9915,-2.633146882813496,0.0,0.0,0.0,0.0,0.1511742419561834,0.1100199297157726,-0.0977081301070563,0.4000566140194231,True,True,True,False,True,False
Na,Air temperature,7,tair_mean_7d,AC::Na::mg/L,HYDROCHEMICAL_RESPONSE,air_temperature,-0.09101044650213,-0.186,-0.003,0.9725,-0.9809631120413372,-0.0342580167574662,0.0261564366647383,-0.0934279873133435,0.0249119537984111,0.0,0.0,0.0,0.0,True,False,False,False,False,True
Na,Air temperature,14,tair_mean_14d,AC::Na::mg/L,HYDROCHEMICAL_RESPONSE,air_temperature,-0.0868604550018598,-0.174,0.006,0.9685,-0.9745600065078576,-0.0278549112239863,0.0189377294924685,-0.0706950316435673,0.0149852091955946,0.0064031055334798,0.0107889704461194,-0.0180032412410303,0.03080945230799,False,False,False,False,False,False
Na,Air temperature,30,tair_mean_30d,AC::Na::mg/L,HYDROCHEMICAL_RESPONSE,air_temperature,-0.0763524788288351,-0.17,0.027,0.934,-0.9774683014197232,-0.0307632061358519,0.015621521369047,-0.0661015425955201,0.0045751303238162,0.0034948106216142,0.0188292110985229,-0.0390998241358014,0.0460894453790299,False,False,False,False,False,False
Na,Air temperature,60,tair_mean_60d,AC::Na::mg/L,HYDROCHEMICAL_RESPONSE,air_temperature,-0.0671824104876816,-0.162,0.029,0.916,-0.977122914236461,-0.0304178189525898,0.0130705169384696,-0.0599853824671548,-0.0008502554380247,0.0038401978048763,0.0234255317356598,-0.0491520366046125,0.0568324322143652,False,False,False,False,False,False
Na,Air temperature,90,tair_mean_90d,AC::Na::mg/L,HYDROCHEMICAL_RESPONSE,air_temperature,-0.1134184651098401,-0.203,-0.02,0.9915,-0.9467050952838711,0.0,0.0,0.0,0.0,0.0342580167574662,0.0261564366647383,-0.0249119537984111,0.0934279873133435,True,True,True,False,True,False
Na,Potential evaporation,7,pet_sum_7d,AC::Na::mg/L,HYDROCHEMICAL_RESPONSE,pet,0.0041595537561297,-0.096,0.097,0.5345,-0.9986903599725424,-0.00051080924586,0.0111371054882918,-0.0257046921996612,0.0246830737079412,0.0,0.0,0.0,0.0,False,True,False,False,False,True
Na,Potential evaporation,14,pet_sum_14d,AC::Na::mg/L,HYDROCHEMICAL_RESPONSE,pet,0.0119368928958992,-0.087,0.111,0.597,-0.9981795507266824,0.0,0.0,0.0,0.0,0.00051080924586,0.0111371054882918,-0.0246830737079412,0.0257046921996612,False,True,False,False,True,False
Na,Potential evaporation,30,pet_sum_30d,AC::Na::mg/L,HYDROCHEMICAL_RESPONSE,pet,-0.0068067158075601,-0.101,0.091,0.56,-1.0085265754833757,-0.0103470247566933,0.0112529598369484,-0.0358029884551558,0.0151089389417691,-0.0098362155108333,0.015342022154485,-0.044542280820268,0.0248698497986013,False,True,False,False,False,False
Na,Potential evaporation,60,pet_sum_60d,AC::Na::mg/L,HYDROCHEMICAL_RESPONSE,pet,-0.0150768442535451,-0.109,0.079,0.6175,-1.010297487208516,-0.0121179364818334,0.0134016304769657,-0.0424345308592252,0.0181986578955583,-0.0116071272359734,0.0151576647315568,-0.0458961470806056,0.0226818926086587,False,True,False,False,False,False
Na,Potential evaporation,90,pet_sum_90d,AC::Na::mg/L,HYDROCHEMICAL_RESPONSE,pet,-0.0365642998239047,-0.132,0.049,0.7725,-1.0013708081106811,-0.0031912573839988,0.0170091431727605,-0.0416686124462701,0.0352860976782723,-0.0026804481381388,0.0136841849980344,-0.0336362252492631,0.0282753289729853,False,True,False,False,False,False
Na,Precipitation,1,ppt_sum_1d,AC::Na::mg/L,HYDROCHEMICAL_RESPONSE,precipitation,-0.0925908871061823,-0.186,0.002,0.9745,-0.9623751079757892,-0.2305334246027855,0.0427588567495414,-0.3272606786742129,-0.1338061705313581,0.0,0.0,0.0,0.0,False,False,False,False,False,True
Na,Precipitation,3,ppt_sum_3d,AC::Na::mg/L,HYDROCHEMICAL_RESPONSE,precipitation,-0.2194281523829495,-0.31,-0.124,1.0,-0.911203919339682,-0.1793622359666782,0.0687101513673687,-0.3347953970431609,-0.0239290748901956,0.0511711886361072,0.0800009924400147,-0.1298036294475087,0.2321460067197232,True,False,False,False,False,False
Na,Precipitation,7,ppt_sum_7d,AC::Na::mg/L,HYDROCHEMICAL_RESPONSE,precipitation,-0.2883665940868492,-0.366,-0.213,1.0,-0.7877792491791522,-0.0559375658061485,0.0220768251090303,-0.1058788138596188,-0.0059963177526781,0.174595858796637,0.0522697029845441,0.0563535757898942,0.2928381418033798,True,False,False,False,False,False
Na,Precipitation,14,ppt_sum_14d,AC::Na::mg/L,HYDROCHEMICAL_RESPONSE,precipitation,-0.3031461758319696,-0.383,-0.228,1.0,-0.7747195596384071,-0.0428778762654033,0.0362411449747043,-0.1248610419599646,0.039105289429158,0.1876555483373822,0.0589722897694889,0.0542509606254252,0.3210601360493392,True,False,False,False,False,False
Na,Precipitation,30,ppt_sum_30d,AC::Na::mg/L,HYDROCHEMICAL_RESPONSE,precipitation,-0.2639054799485208,-0.348,-0.189,1.0,-0.8478512036250011,-0.1160095202519974,0.0296395848116473,-0.1830589193376871,-0.0489601211663077,0.1145239043507881,0.049924675630456,0.0015864417701844,0.2274613669313918,True,False,False,False,False,False
Na,Precipitation,60,ppt_sum_60d,AC::Na::mg/L,HYDROCHEMICAL_RESPONSE,precipitation,-0.317243406283636,-0.389,-0.24,1.0,-0.7318416833730037,0.0,0.0,0.0,0.0,0.2305334246027855,0.0427588567495414,0.1338061705313581,0.3272606786742129,True,True,True,True,True,False
Na,Precipitation,90,ppt_sum_90d,AC::Na::mg/L,HYDROCHEMICAL_RESPONSE,precipitation,-0.3068835171234402,-0.384,-0.234,1.0,-0.7548884787001654,-0.0230467953271616,0.0082110967537126,-0.0416215866634608,-0.0044720039908625,0.2074866292756238,0.0423853789391774,0.1116042407080782,0.3033690178431694,True,False,False,False,False,False
Na,Root-zone soil moisture,1,sm_rootzone_mean_1d,AC::Na::mg/L,HYDROCHEMICAL_RESPONSE,rootzone_soil_moisture,-0.3163388891471607,-0.382,-0.242,1.0,-0.7508684511005776,-0.0177545341740068,0.0163312687369202,-0.0546984307257262,0.0191893623777125,0.0,0.0,0.0,0.0,True,False,False,False,False,True
Na,Root-zone soil moisture,7,sm_rootzone_mean_7d,AC::Na::mg/L,HYDROCHEMICAL_RESPONSE,rootzone_soil_moisture,-0.3196746815029609,-0.391,-0.249,1.0,-0.7417651729075618,-0.0086512559809911,0.0089041107628193,-0.0287937539219493,0.011491241959967,0.0091032781930157,0.0087274012120529,-0.0106394749719314,0.0288460313579628,True,True,True,False,False,False
Na,Root-zone soil moisture,14,sm_rootzone_mean_14d,AC::Na::mg/L,HYDROCHEMICAL_RESPONSE,rootzone_soil_moisture,-0.3211918791519131,-0.392,-0.253,1.0,-0.7331139169265708,0.0,0.0,0.0,0.0,0.0177545341740068,0.0163312687369202,-0.0191893623777125,0.0546984307257262,True,True,True,False,True,False
Na,Root-zone soil moisture,30,sm_rootzone_mean_30d,AC::Na::mg/L,HYDROCHEMICAL_RESPONSE,rootzone_soil_moisture,-0.3055312748650077,-0.376,-0.227,1.0,-0.7477880331930141,-0.0146741162664433,0.0261676795644239,-0.0738695200283756,0.044521287495489,0.0030804179075635,0.0298853918472737,-0.0645250353244481,0.0706858711395752,True,True,True,False,False,False
Na,Root-zone soil moisture,60,sm_rootzone_mean_60d,AC::Na::mg/L,HYDROCHEMICAL_RESPONSE,rootzone_soil_moisture,-0.2731064137972668,-0.349,-0.194,1.0,-0.8054306390666822,-0.0723167221401114,0.0596777993141157,-0.2073172833219078,0.062683839041685,-0.0545621879661045,0.0593449445757081,-0.1888097794172221,0.079685403485013,True,False,False,False,False,False
Na,Root-zone soil moisture,90,sm_rootzone_mean_90d,AC::Na::mg/L,HYDROCHEMICAL_RESPONSE,rootzone_soil_moisture,-0.2085330708242106,-0.299,-0.13,1.0,-0.8871460969336857,-0.1540321800071148,0.0713637929648581,-0.3154682954310057,0.007403935416776,-0.136277645833108,0.0717667912102394,-0.2986254066244058,0.0260701149581897,True,False,False,False,False,False
Na,Surface soil moisture,1,sm_surface_mean_1d,AC::Na::mg/L,HYDROCHEMICAL_RESPONSE,surface_soil_moisture,-0.2216259817228666,-0.306,-0.137,1.0,-0.9081564651283396,-0.1538342806636101,0.073048337198994,-0.319081099892896,0.0114125385656758,0.0,0.0,0.0,0.0,True,False,False,False,False,True
Na,Surface soil moisture,7,sm_surface_mean_7d,AC::Na::mg/L,HYDROCHEMICAL_RESPONSE,surface_soil_moisture,-0.2249305362187213,-0.311,-0.144,1.0,-0.8908085385774468,-0.1364863541127171,0.0645026347864063,-0.2824014514177482,0.0094287431923139,0.0173479265508929,0.025749177689976,-0.0409007601980892,0.0755966132998752,True,False,False,False,False,False
Na,Surface soil moisture,14,sm_surface_mean_14d,AC::Na::mg/L,HYDROCHEMICAL_RESPONSE,surface_soil_moisture,-0.2311707876215205,-0.308,-0.143,1.0,-0.8743447416554385,-0.1200225571907089,0.057019618706643,-0.2490098960711512,0.0089647816897333,0.0338117234729011,0.044023588458077,-0.0657765524920789,0.1333999994378812,True,False,False,False,False,False
Na,Surface soil moisture,30,sm_surface_mean_30d,AC::Na::mg/L,HYDROCHEMICAL_RESPONSE,surface_soil_moisture,-0.2630783912519042,-0.346,-0.184,1.0,-0.83686711526227,-0.0825449307975401,0.0284837664552091,-0.1469796871092549,-0.0181101744858253,0.0712893498660699,0.0636086893027292,-0.0726035022598599,0.2151822019919998,True,False,False,False,False,False
Na,Surface soil moisture,60,sm_surface_mean_60d,AC::Na::mg/L,HYDROCHEMICAL_RESPONSE,surface_soil_moisture,-0.3028501408574168,-0.376,-0.228,1.0,-0.7543221844647297,0.0,0.0,0.0,0.0,0.1538342806636101,0.073048337198994,-0.0114125385656758,0.319081099892896,True,True,True,False,True,False
Na,Surface soil moisture,90,sm_surface_mean_90d,AC::Na::mg/L,HYDROCHEMICAL_RESPONSE,surface_soil_moisture,-0.2686766277428488,-0.347,-0.189,1.0,-0.8178764271216046,-0.0635542426568748,0.0386224614920165,-0.1509243205680965,0.0238158352543469,0.0902800380067352,0.0624400943181573,-0.0509692686043698,0.2315293446178404,True,False,False,False,False,False
SO₄,Air temperature,7,tair_mean_7d,AC::SO4_ppm::mg/L,HYDROCHEMICAL_RESPONSE,air_temperature,-0.1064268968405014,-0.248,0.062,0.9135,-1.22228771707371,-0.0419130243729626,0.0233646315555202,-0.0947674930037297,0.0109414442578044,0.0,0.0,0.0,0.0,False,False,False,False,False,True
SO₄,Air temperature,14,tair_mean_14d,AC::SO4_ppm::mg/L,HYDROCHEMICAL_RESPONSE,air_temperature,-0.1195769201534492,-0.275,0.042,0.9325,-1.2202033592204586,-0.0398286665197111,0.0232998258580048,-0.09253653447765,0.0128792014382276,0.0020843578532514,0.0048738794462968,-0.0089411234470762,0.0131098391535791,False,False,False,False,False,False
SO₄,Air temperature,30,tair_mean_30d,AC::SO4_ppm::mg/L,HYDROCHEMICAL_RESPONSE,air_temperature,-0.1127448802523941,-0.268,0.042,0.924,-1.221550155692492,-0.0411754629917446,0.027417565919892,-0.1031983061254528,0.0208473801419636,0.000737561381218,0.0118014416349193,-0.0259591543452192,0.0274342771076553,False,False,False,False,False,False
SO₄,Air temperature,60,tair_mean_60d,AC::SO4_ppm::mg/L,HYDROCHEMICAL_RESPONSE,air_temperature,-0.1250564897550414,-0.289,0.036,0.9315,-1.217359626155086,-0.0369849334543386,0.0187963508887389,-0.0795052332528185,0.0055353663441411,0.0049280909186239,0.0117767312852133,-0.0217127261132294,0.0315689079504774,False,False,False,False,False,False
SO₄,Air temperature,90,tair_mean_90d,AC::SO4_ppm::mg/L,HYDROCHEMICAL_RESPONSE,air_temperature,-0.2114818641891252,-0.375,-0.056,0.995,-1.1803746927007472,0.0,0.0,0.0,0.0,0.0419130243729626,0.0233646315555202,-0.0109414442578044,0.0947674930037297,True,True,True,False,True,False
SO₄,Potential evaporation,7,pet_sum_7d,AC::SO4_ppm::mg/L,HYDROCHEMICAL_RESPONSE,pet,0.0428603567000824,-0.107,0.196,0.716,-1.2369512035900043,0.0,0.0,0.0,0.0,0.0,0.0,0.0,0.0,False,True,False,False,True,True
SO₄,Potential evaporation,14,pet_sum_14d,AC::SO4_ppm::mg/L,HYDROCHEMICAL_RESPONSE,pet,0.0499027137238654,-0.096,0.209,0.7465,-1.243813228061701,-0.0068620244716968,0.013616626589611,-0.0376649738452951,0.0239409249019013,-0.0068620244716968,0.013616626589611,-0.0376649738452951,0.0239409249019013,False,True,False,False,False,False
SO₄,Potential evaporation,30,pet_sum_30d,AC::SO4_ppm::mg/L,HYDROCHEMICAL_RESPONSE,pet,0.005904967518836,-0.159,0.165,0.5265,-1.2648960565037246,-0.0279448529137206,0.02953122036719,-0.0947491145951823,0.0388594087677411,-0.0279448529137206,0.02953122036719,-0.0947491145951823,0.0388594087677411,False,True,False,False,False,False
SO₄,Potential evaporation,60,pet_sum_60d,AC::SO4_ppm::mg/L,HYDROCHEMICAL_RESPONSE,pet,-0.0130682093013986,-0.18,0.141,0.5645,-1.2556638809787513,-0.0187126773887472,0.0217158092603188,-0.067837250854151,0.0304118960766564,-0.0187126773887472,0.0217158092603188,-0.067837250854151,0.0304118960766564,False,True,False,False,False,False
SO₄,Potential evaporation,90,pet_sum_90d,AC::SO4_ppm::mg/L,HYDROCHEMICAL_RESPONSE,pet,-0.0619355233490993,-0.23,0.095,0.7655,-1.2454311450828912,-0.0084799414928871,0.0138699801690139,-0.0398560164808663,0.0228961334950921,-0.0084799414928871,0.0138699801690139,-0.0398560164808663,0.0228961334950921,False,True,False,False,False,False
SO₄,Precipitation,1,ppt_sum_1d,AC::SO4_ppm::mg/L,HYDROCHEMICAL_RESPONSE,precipitation,-0.2064743007339637,-0.419,-0.01,0.9785,-1.1928083879318296,-0.201256442208205,0.0584834991578488,-0.3335553087369046,-0.0689575756795055,0.0,0.0,0.0,0.0,True,False,False,False,False,True
SO₄,Precipitation,3,ppt_sum_3d,AC::SO4_ppm::mg/L,HYDROCHEMICAL_RESPONSE,precipitation,-0.3594897441483968,-0.507,-0.187,1.0,-1.1169058606278115,-0.125353914904187,0.055934024580028,-0.2518854692551548,0.0011776394467807,0.075902527304018,0.026481557651949,0.0159970819781276,0.1358079726299083,True,False,False,False,False,False
SO₄,Precipitation,7,ppt_sum_7d,AC::SO4_ppm::mg/L,HYDROCHEMICAL_RESPONSE,precipitation,-0.4828559191676747,-0.626,-0.349,1.0,-1.0206766713654758,-0.0291247256418511,0.0225686601239665,-0.0801785817973018,0.0219291305135995,0.1721317165663539,0.0533737528515206,0.051391899244882,0.2928715338878258,True,False,False,False,False,False
SO₄,Precipitation,14,ppt_sum_14d,AC::SO4_ppm::mg/L,HYDROCHEMICAL_RESPONSE,precipitation,-0.469270335128012,-0.615,-0.339,1.0,-1.0268582801001274,-0.0353063343765026,0.0260847324630719,-0.0943140987589737,0.0237014300059684,0.1659501078317024,0.0422025963068329,0.0704812023051602,0.2614190133582446,True,False,False,False,False,False
SO₄,Precipitation,30,ppt_sum_30d,AC::SO4_ppm::mg/L,HYDROCHEMICAL_RESPONSE,precipitation,-0.4315952793189905,-0.583,-0.301,1.0,-1.0711604094379297,-0.079608463714305,0.0291819985244634,-0.1456227307028176,-0.0135941967257923,0.1216479784939,0.0383601523882436,0.0348712850006598,0.2084246719871401,True,False,False,False,False,False
SO₄,Precipitation,60,ppt_sum_60d,AC::SO4_ppm::mg/L,HYDROCHEMICAL_RESPONSE,precipitation,-0.4966984891510523,-0.623,-0.37,1.0,-0.9915519457236248,0.0,0.0,0.0,0.0,0.201256442208205,0.0584834991578488,0.0689575756795055,0.3335553087369046,True,True,True,True,True,False
SO₄,Precipitation,90,ppt_sum_90d,AC::SO4_ppm::mg/L,HYDROCHEMICAL_RESPONSE,precipitation,-0.4876857108531862,-0.629,-0.359,1.0,-1.0070124819173267,-0.015460536193702,0.0105060690340715,-0.0392269155125667,0.0083058431251626,0.1857959060145029,0.052076588221374,0.0679904789525182,0.3036013330764877,True,False,False,False,False,False
SO₄,Root-zone soil moisture,1,sm_rootzone_mean_1d,AC::SO4_ppm::mg/L,HYDROCHEMICAL_RESPONSE,rootzone_soil_moisture,-0.4840130506252861,-0.615,-0.354,1.0,-1.0138656852651589,-0.0064981374326832,0.0051348529054736,-0.0181139817130025,0.005117706847636,0.0,0.0,0.0,0.0,True,False,False,False,False,True
SO₄,Root-zone soil moisture,7,sm_rootzone_mean_7d,AC::SO4_ppm::mg/L,HYDROCHEMICAL_RESPONSE,rootzone_soil_moisture,-0.4866766632035613,-0.613,-0.36,1.0,-1.0073675478324753,0.0,0.0,0.0,0.0,0.0064981374326832,0.0051348529054736,-0.005117706847636,0.0181139817130025,True,True,True,False,True,False
SO₄,Root-zone soil moisture,14,sm_rootzone_mean_14d,AC::SO4_ppm::mg/L,HYDROCHEMICAL_RESPONSE,rootzone_soil_moisture,-0.4797087918074869,-0.617,-0.363,1.0,-1.0105034573299474,-0.0031359094974719,0.0082205270832411,-0.0217320337212618,0.015460214726318,0.0033622279352113,0.0117840860074991,-0.0232952266343417,0.0300196825047643,True,True,True,False,False,False
SO₄,Root-zone soil moisture,30,sm_rootzone_mean_30d,AC::SO4_ppm::mg/L,HYDROCHEMICAL_RESPONSE,rootzone_soil_moisture,-0.4573132396902858,-0.592,-0.335,1.0,-1.0323822900542237,-0.025014742221748,0.0220519649785491,-0.0748997527529808,0.0248702683094847,-0.0185166047890648,0.0224633970630507,-0.0693323393572807,0.032299129779151,True,False,False,False,False,False
SO₄,Root-zone soil moisture,60,sm_rootzone_mean_60d,AC::SO4_ppm::mg/L,HYDROCHEMICAL_RESPONSE,rootzone_soil_moisture,-0.4168877713704704,-0.542,-0.286,1.0,-1.0830288652230906,-0.0756613173906152,0.0423485754256402,-0.1714604506263943,0.0201378158451639,-0.0691631799579319,0.0415395061756274,-0.1631320713945497,0.0248057114786857,True,False,False,False,False,False
SO₄,Root-zone soil moisture,90,sm_rootzone_mean_90d,AC::SO4_ppm::mg/L,HYDROCHEMICAL_RESPONSE,rootzone_soil_moisture,-0.3255113957442768,-0.474,-0.195,1.0,-1.1338253311992257,-0.1264577833667501,0.0397483860895292,-0.216374879671069,-0.0365406870624312,-0.1199596459340669,0.0406456146103788,-0.2119064141635426,-0.0280128777045911,True,False,False,False,False,False
SO₄,Surface soil moisture,1,sm_surface_mean_1d,AC::SO4_ppm::mg/L,HYDROCHEMICAL_RESPONSE,surface_soil_moisture,-0.3271681758990068,-0.489,-0.187,1.0,-1.1689697921373925,-0.0908378243358514,0.0610647244403906,-0.2289758281263929,0.04730017945469,0.0,0.0,0.0,0.0,True,False,False,False,False,True
SO₄,Surface soil moisture,7,sm_surface_mean_7d,AC::SO4_ppm::mg/L,HYDROCHEMICAL_RESPONSE,surface_soil_moisture,-0.3423580079848454,-0.485,-0.188,1.0,-1.1400855167409047,-0.0619535489393638,0.0555181608790245,-0.1875443542403353,0.0636372563616076,0.0288842753964876,0.0196663189944136,-0.0156040289836988,0.073372579776674,True,False,False,False,False,False
SO₄,Surface soil moisture,14,sm_surface_mean_14d,AC::SO4_ppm::mg/L,HYDROCHEMICAL_RESPONSE,surface_soil_moisture,-0.3267853111408096,-0.461,-0.169,1.0,-1.1445069814744346,-0.0663750136728939,0.0342852919338695,-0.1439337324016407,0.0111837050558528,0.0244628106629575,0.0393244275849212,-0.0644952248734094,0.1134208461993244,True,False,False,False,False,False
SO₄,Surface soil moisture,30,sm_surface_mean_30d,AC::SO4_ppm::mg/L,HYDROCHEMICAL_RESPONSE,surface_soil_moisture,-0.3576189716227643,-0.507,-0.217,1.0,-1.144696695339586,-0.0665647275380451,0.0261578246251637,-0.1257378378785406,-0.0073916171975497,0.0242730967978062,0.0674766616705941,-0.1283697167258109,0.1769159103214234,True,False,False,False,False,False
SO₄,Surface soil moisture,60,sm_surface_mean_60d,AC::SO4_ppm::mg/L,HYDROCHEMICAL_RESPONSE,surface_soil_moisture,-0.4231640002673518,-0.562,-0.28,1.0,-1.0781319678015406,0.0,0.0,0.0,0.0,0.0908378243358514,0.0610647244403906,-0.04730017945469,0.2289758281263929,True,True,True,False,True,False
SO₄,Surface soil moisture,90,sm_surface_mean_90d,AC::SO4_ppm::mg/L,HYDROCHEMICAL_RESPONSE,surface_soil_moisture,-0.3841253514964109,-0.522,-0.264,1.0,-1.107376479585762,-0.0292445117842211,0.0492655483989697,-0.1406909249768859,0.0822019014084436,0.0615933125516303,0.063093107511752,-0.0811332125328032,0.2043198376360639,True,True,True,False,False,False
pH,Air temperature,7,tair_mean_7d,AC::pH_SOL::NO_UNIT,HYDROCHEMICAL_RESPONSE,air_temperature,0.1112695508872487,-0.035,0.254,0.9355,-1.4384513947662063,-0.0194971268427271,0.0157226563070379,-0.0550642464267862,0.016069992741332,0.0,0.0,0.0,0.0,False,False,False,False,False,True
pH,Air temperature,14,tair_mean_14d,AC::pH_SOL::NO_UNIT,HYDROCHEMICAL_RESPONSE,air_temperature,0.1184116807475317,-0.026,0.258,0.9395,-1.4279512262337613,-0.0089969583102818,0.0088657780591361,-0.0290527416510314,0.0110588250304677,0.0105001685324452,0.0127352050541956,-0.0183088668013191,0.0393092038662096,False,False,False,False,False,False
pH,Air temperature,30,tair_mean_30d,AC::pH_SOL::NO_UNIT,HYDROCHEMICAL_RESPONSE,air_temperature,0.1093822533579217,-0.034,0.264,0.925,-1.4189542679234792,0.0,0.0,0.0,0.0,0.0194971268427271,0.0157226563070379,-0.016069992741332,0.0550642464267862,False,True,False,False,True,False
pH,Air temperature,60,tair_mean_60d,AC::pH_SOL::NO_UNIT,HYDROCHEMICAL_RESPONSE,air_temperature,0.0990907270539314,-0.056,0.247,0.9075,-1.4351479097203703,-0.0161936417968912,0.0101540106316104,-0.0391636096788854,0.006776326085103,0.0033034850458358,0.0070321024179491,-0.0126042358088514,0.0192112059005232,False,False,False,False,False,False
pH,Air temperature,90,tair_mean_90d,AC::pH_SOL::NO_UNIT,HYDROCHEMICAL_RESPONSE,air_temperature,0.02686235171741,-0.122,0.176,0.6465,-1.4300834099716466,-0.0111291420481672,0.024486238034088,-0.06652086080833,0.0442625767119955,0.0083679847945598,0.0196418650854031,-0.0360650010001986,0.0528009705893184,False,True,False,False,False,False
pH,Potential evaporation,7,pet_sum_7d,AC::pH_SOL::NO_UNIT,HYDROCHEMICAL_RESPONSE,pet,0.2315640919611416,0.097,0.375,0.9995,-1.3562269481559248,-0.007297116375909,0.0153727313521814,-0.042072650716878,0.0274784179650599,0.0,0.0,0.0,0.0,True,True,True,False,False,True
pH,Potential evaporation,14,pet_sum_14d,AC::pH_SOL::NO_UNIT,HYDROCHEMICAL_RESPONSE,pet,0.2585548985914486,0.105,0.394,0.9985,-1.3489298317800158,0.0,0.0,0.0,0.0,0.007297116375909,0.0153727313521814,-0.0274784179650599,0.042072650716878,True,True,True,False,True,False
pH,Potential evaporation,30,pet_sum_30d,AC::pH_SOL::NO_UNIT,HYDROCHEMICAL_RESPONSE,pet,0.2003494375924998,0.067,0.352,0.9985,-1.388804113199896,-0.0398742814198803,0.0233366785473607,-0.0926655159530161,0.0129169531132554,-0.0325771650439712,0.0170954105039281,-0.0712496703673635,0.006095340279421,True,False,False,False,False,False
pH,Potential evaporation,60,pet_sum_60d,AC::pH_SOL::NO_UNIT,HYDROCHEMICAL_RESPONSE,pet,0.1545852005419283,0.001,0.289,0.9815,-1.4177921823267403,-0.0688623505467245,0.0416004214391931,-0.1629690418831446,0.0252443407896954,-0.0615652341708155,0.0312169861439209,-0.1321829629790034,0.0090524946373723,True,False,False,False,False,False
pH,Potential evaporation,90,pet_sum_90d,AC::pH_SOL::NO_UNIT,HYDROCHEMICAL_RESPONSE,pet,0.1341094679813601,-0.011,0.274,0.968,-1.4187561425526565,-0.0698263107726407,0.0398293076707018,-0.1599264644114387,0.0202738428661571,-0.0625291943967317,0.0299825672737978,-0.1303544737159083,0.0052960849224448,False,False,False,False,False,False
pH,Precipitation,1,ppt_sum_1d,AC::pH_SOL::NO_UNIT,HYDROCHEMICAL_RESPONSE,precipitation,-0.1551262805701869,-0.296,-0.005,0.981,-1.3724281252201538,-0.0257958576749052,0.0324374138716614,-0.099174385809147,0.0475826704593366,0.0,0.0,0.0,0.0,True,True,True,False,False,True
pH,Precipitation,3,ppt_sum_3d,AC::pH_SOL::NO_UNIT,HYDROCHEMICAL_RESPONSE,precipitation,-0.1719583797882587,-0.328,-0.026,0.9875,-1.379609719223989,-0.03297745167874,0.0263389243649533,-0.0925602380927915,0.0266053347353115,-0.0071815940038347,0.0154777384142679,-0.042194670822453,0.0278314828147834,True,False,False,False,False,False
pH,Precipitation,7,ppt_sum_7d,AC::pH_SOL::NO_UNIT,HYDROCHEMICAL_RESPONSE,precipitation,-0.2359697889275959,-0.383,-0.096,0.9985,-1.374481278988993,-0.0278490114437444,0.0220048332663073,-0.0776274026345316,0.0219293797470428,-0.0020531537688392,0.0244209033032202,-0.0572970750995861,0.0531907675619077,True,False,False,False,False,False
pH,Precipitation,14,ppt_sum_14d,AC::pH_SOL::NO_UNIT,HYDROCHEMICAL_RESPONSE,precipitation,-0.2568885137694469,-0.4,-0.113,1.0,-1.3578213180477845,-0.0111890505025358,0.0169276463661387,-0.0494820469799576,0.0271039459748859,0.0146068071723693,0.026301302266757,-0.0448908721427657,0.0741044864875045,True,True,True,False,False,False
pH,Precipitation,30,ppt_sum_30d,AC::pH_SOL::NO_UNIT,HYDROCHEMICAL_RESPONSE,precipitation,-0.2074804177057356,-0.332,-0.055,0.9975,-1.3829391077393407,-0.0363068401940918,0.0245160325150784,-0.0917659587528405,0.0191522783646568,-0.0105109825191866,0.0407799083151007,-0.1027615442147253,0.081739579176352,True,False,False,False,False,False
pH,Precipitation,60,ppt_sum_60d,AC::pH_SOL::NO_UNIT,HYDROCHEMICAL_RESPONSE,precipitation,-0.2543409476235356,-0.396,-0.114,0.9995,-1.3466322675452485,0.0,0.0,0.0,0.0,0.0257958576749052,0.0324374138716614,-0.0475826704593366,0.099174385809147,True,True,True,False,True,False
pH,Precipitation,90,ppt_sum_90d,AC::pH_SOL::NO_UNIT,HYDROCHEMICAL_RESPONSE,precipitation,-0.2468571772848821,-0.401,-0.113,1.0,-1.349618289221308,-0.0029860216760592,0.0080698051557448,-0.0212411892119644,0.0152691458598458,0.0228098359988459,0.0306960420694143,-0.0466294354397505,0.0922491074374424,True,True,True,False,False,False
pH,Root-zone soil moisture,1,sm_rootzone_mean_1d,AC::pH_SOL::NO_UNIT,HYDROCHEMICAL_RESPONSE,rootzone_soil_moisture,-0.3147995958610304,-0.451,-0.173,1.0,-1.316853561017604,0.0,0.0,0.0,0.0,0.0,0.0,0.0,0.0,True,True,True,False,True,True
pH,Root-zone soil moisture,7,sm_rootzone_mean_7d,AC::pH_SOL::NO_UNIT,HYDROCHEMICAL_RESPONSE,rootzone_soil_moisture,-0.3165482757105189,-0.478,-0.182,1.0,-1.3170616143809828,-0.0002080533633788,0.0033205416158504,-0.00771964036423,0.0073035336374724,-0.0002080533633788,0.0033205416158504,-0.00771964036423,0.0073035336374724,True,True,True,False,False,False
pH,Root-zone soil moisture,14,sm_rootzone_mean_14d,AC::pH_SOL::NO_UNIT,HYDROCHEMICAL_RESPONSE,rootzone_soil_moisture,-0.3094722101999936,-0.449,-0.171,1.0,-1.321032964023035,-0.0041794030054307,0.0082483464884705,-0.0228384590960268,0.0144796530851652,-0.0041794030054307,0.0082483464884705,-0.0228384590960268,0.0144796530851652,True,True,True,False,False,False
pH,Root-zone soil moisture,30,sm_rootzone_mean_30d,AC::pH_SOL::NO_UNIT,HYDROCHEMICAL_RESPONSE,rootzone_soil_moisture,-0.2850933642242815,-0.422,-0.149,1.0,-1.3364112006042466,-0.0195576395866426,0.0242018871686639,-0.0743061119998224,0.0351908328265371,-0.0195576395866426,0.0242018871686639,-0.0743061119998224,0.0351908328265371,True,True,True,False,False,False
pH,Root-zone soil moisture,60,sm_rootzone_mean_60d,AC::pH_SOL::NO_UNIT,HYDROCHEMICAL_RESPONSE,rootzone_soil_moisture,-0.2809762032705309,-0.423,-0.141,1.0,-1.3578122495610985,-0.0409586885434945,0.0535602193222336,-0.1621203223273218,0.0802029452403327,-0.0409586885434945,0.0535602193222336,-0.1621203223273218,0.0802029452403327,True,True,True,False,False,False
pH,Root-zone soil moisture,90,sm_rootzone_mean_90d,AC::pH_SOL::NO_UNIT,HYDROCHEMICAL_RESPONSE,rootzone_soil_moisture,-0.2663490198290626,-0.401,-0.12,1.0,-1.377969805648354,-0.06111624463075,0.0727502119688403,-0.2256886577352162,0.1034561684737161,-0.06111624463075,0.0727502119688403,-0.2256886577352162,0.1034561684737161,True,True,True,False,False,False
pH,Surface soil moisture,1,sm_surface_mean_1d,AC::pH_SOL::NO_UNIT,HYDROCHEMICAL_RESPONSE,surface_soil_moisture,-0.1803581889680258,-0.326,-0.026,0.987,-1.3698633125350206,-0.0027812450286332,0.0625675999825177,-0.1443189894916758,0.1387564994344094,0.0,0.0,0.0,0.0,True,True,True,False,False,True
pH,Surface soil moisture,7,sm_surface_mean_7d,AC::pH_SOL::NO_UNIT,HYDROCHEMICAL_RESPONSE,surface_soil_moisture,-0.174326908349147,-0.316,-0.008,0.987,-1.3941540518462292,-0.0270719843398417,0.0736782167928001,-0.1937436902039919,0.1395997215243083,-0.0242907393112085,0.0169042622326744,-0.062530837203617,0.0139493585811999,True,True,True,False,False,False
pH,Surface soil moisture,14,sm_surface_mean_14d,AC::pH_SOL::NO_UNIT,HYDROCHEMICAL_RESPONSE,surface_soil_moisture,-0.1829235950633858,-0.339,-0.035,0.991,-1.3960787511694046,-0.0289966836630171,0.0731651036343472,-0.1945076469204181,0.1365142795943839,-0.0262154386343839,0.0190875365766973,-0.0693944462225995,0.0169635689538316,True,True,True,False,False,False
pH,Surface soil moisture,30,sm_surface_mean_30d,AC::pH_SOL::NO_UNIT,HYDROCHEMICAL_RESPONSE,surface_soil_moisture,-0.1870022222171447,-0.328,-0.037,0.992,-1.394201268159917,-0.0271192006535297,0.0651635884861045,-0.1745294791046479,0.1202910777975884,-0.0243379556248965,0.0255287339339705,-0.0820879639522245,0.0334120527024314,True,True,True,False,False,False
pH,Surface soil moisture,60,sm_surface_mean_60d,AC::pH_SOL::NO_UNIT,HYDROCHEMICAL_RESPONSE,surface_soil_moisture,-0.2344939677593924,-0.376,-0.1,0.9995,-1.368915298549043,-0.0018332310426554,0.0452920944427085,-0.1042910669068929,0.1006246048215821,0.0009480139859777,0.029955002063251,-0.0668149084947148,0.0687109364666704,True,True,True,False,False,False
pH,Surface soil moisture,90,sm_surface_mean_90d,AC::pH_SOL::NO_UNIT,HYDROCHEMICAL_RESPONSE,surface_soil_moisture,-0.2674602080105672,-0.416,-0.135,1.0,-1.3670820675063875,0.0,0.0,0.0,0.0,0.0027812450286332,0.0625675999825177,-0.1387564994344094,0.1443189894916758,True,True,True,False,True,False
Total coliforms,Air temperature,7,tair_mean_7d,COLIFORMS::Total coliforms::NMP/100 mL,HYDROCHEMICAL_RESPONSE,air_temperature,0.0358836078724906,-0.239,0.281,0.618,-1.6827016126175234,-0.0468738376007519,0.0511369269657309,-0.162553603222627,0.0688059280211232,0.0,0.0,0.0,0.0,False,True,False,False,False,True
Total coliforms,Air temperature,14,tair_mean_14d,COLIFORMS::Total coliforms::NMP/100 mL,HYDROCHEMICAL_RESPONSE,air_temperature,0.064782130316394,-0.19,0.354,0.676,-1.6780270748970594,-0.0421992998802877,0.0507424967714437,-0.1569868024129101,0.0725882026523346,0.0046745377204641,0.0050870291107269,-0.0068331216200141,0.0161821970609425,False,True,False,False,False,False
Total coliforms,Air temperature,30,tair_mean_30d,COLIFORMS::Total coliforms::NMP/100 mL,HYDROCHEMICAL_RESPONSE,air_temperature,0.0728073994080361,-0.21,0.334,0.718,-1.6617552749933135,-0.0259274999765422,0.0384488064093195,-0.1129047427985751,0.0610497428454907,0.0209463376242097,0.0138834475195664,-0.0104602026272865,0.0523528778757059,False,True,False,False,False,False
Total coliforms,Air temperature,60,tair_mean_60d,COLIFORMS::Total coliforms::NMP/100 mL,HYDROCHEMICAL_RESPONSE,air_temperature,0.1748362269199969,-0.078,0.452,0.906,-1.64445697536221,-0.0086292003454384,0.0200165275280938,-0.0539097314685821,0.0366513307777052,0.0382446372553134,0.035788136464012,-0.0427137519919514,0.1192030265025783,False,True,False,False,False,False
Total coliforms,Air temperature,90,tair_mean_90d,COLIFORMS::Total coliforms::NMP/100 mL,HYDROCHEMICAL_RESPONSE,air_temperature,0.2549399586293597,-0.035,0.521,0.956,-1.6358277750167716,0.0,0.0,0.0,0.0,0.0468738376007519,0.0511369269657309,-0.0688059280211232,0.162553603222627,False,True,False,False,True,False
Total coliforms,Potential evaporation,7,pet_sum_7d,COLIFORMS::Total coliforms::NMP/100 mL,HYDROCHEMICAL_RESPONSE,pet,-0.0743558715547781,-0.344,0.186,0.709,-1.6736165637628146,-0.0194419764990323,0.015444938878376,-0.0543808556125944,0.0154969026145296,0.0,0.0,0.0,0.0,False,False,False,False,False,True
Total coliforms,Potential evaporation,14,pet_sum_14d,COLIFORMS::Total coliforms::NMP/100 mL,HYDROCHEMICAL_RESPONSE,pet,0.0146506868383932,-0.274,0.289,0.538,-1.677299977042399,-0.0231253897786167,0.0260852916109535,-0.0821344190414733,0.0358836394842398,-0.0036834132795843,0.0130441992327246,-0.0331914420075883,0.0258246154484196,False,True,False,False,False,False
Total coliforms,Potential evaporation,30,pet_sum_30d,COLIFORMS::Total coliforms::NMP/100 mL,HYDROCHEMICAL_RESPONSE,pet,-0.0210474461181631,-0.315,0.238,0.556,-1.6541745872637823,0.0,0.0,0.0,0.0,0.0194419764990323,0.015444938878376,-0.0154969026145296,0.0543808556125944,False,True,False,False,True,False
Total coliforms,Potential evaporation,60,pet_sum_60d,COLIFORMS::Total coliforms::NMP/100 mL,HYDROCHEMICAL_RESPONSE,pet,-0.0490965695067386,-0.301,0.224,0.6445,-1.6562788808687536,-0.0021042936049711,0.0070822579114811,-0.0181254740686082,0.0139168868586659,0.0173376828940612,0.0202879597932501,-0.0285568706719356,0.063232236460058,False,True,False,False,False,False
Total coliforms,Potential evaporation,90,pet_sum_90d,COLIFORMS::Total coliforms::NMP/100 mL,HYDROCHEMICAL_RESPONSE,pet,-0.0330383404453096,-0.307,0.218,0.5985,-1.659883041891371,-0.0057084546275886,0.007786427195544,-0.0233225766810306,0.0119056674258533,0.0137335218714437,0.0197704975943773,-0.0309904508748666,0.0584574946177541,False,True,False,False,False,False
Total coliforms,Precipitation,1,ppt_sum_1d,COLIFORMS::Total coliforms::NMP/100 mL,HYDROCHEMICAL_RESPONSE,precipitation,0.3342526638422265,0.058,0.575,0.9965,-1.6360529493371323,0.0,0.0,0.0,0.0,0.0,0.0,0.0,0.0,True,True,True,False,True,True
Total coliforms,Precipitation,3,ppt_sum_3d,COLIFORMS::Total coliforms::NMP/100 mL,HYDROCHEMICAL_RESPONSE,precipitation,-0.0284162854479417,-0.32,0.233,0.585,-1.6698084859115423,-0.0337555365744094,0.1002581468793058,-0.2605552216719094,0.1930441485230905,-0.0337555365744094,0.1002581468793058,-0.2605552216719094,0.1930441485230905,False,True,False,False,False,False
Total coliforms,Precipitation,7,ppt_sum_7d,COLIFORMS::Total coliforms::NMP/100 mL,HYDROCHEMICAL_RESPONSE,precipitation,-0.0927808839732629,-0.351,0.172,0.7435,-1.708572302018655,-0.0725193526815223,0.1166152540738603,-0.3363213849827561,0.1912826796197115,-0.0725193526815223,0.1166152540738603,-0.3363213849827561,0.1912826796197115,False,True,False,False,False,False
Total coliforms,Precipitation,14,ppt_sum_14d,COLIFORMS::Total coliforms::NMP/100 mL,HYDROCHEMICAL_RESPONSE,precipitation,-0.1064999181189893,-0.372,0.162,0.792,-1.7232266938448095,-0.0871737445076766,0.1280639717392288,-0.3768745754811181,0.2025270864657647,-0.0871737445076766,0.1280639717392288,-0.3768745754811181,0.2025270864657647,False,True,False,False,False,False
Total coliforms,Precipitation,30,ppt_sum_30d,COLIFORMS::Total coliforms::NMP/100 mL,HYDROCHEMICAL_RESPONSE,precipitation,0.0339194884088604,-0.223,0.302,0.6005,-1.7668712096741497,-0.1308182603370169,0.1154076422070175,-0.3918884848037247,0.1302519641296908,-0.1308182603370169,0.1154076422070175,-0.3918884848037247,0.1302519641296908,False,False,False,False,False,False
Total coliforms,Precipitation,60,ppt_sum_60d,COLIFORMS::Total coliforms::NMP/100 mL,HYDROCHEMICAL_RESPONSE,precipitation,-0.0423180081948786,-0.303,0.221,0.6295,-1.7151000083076096,-0.0790470589704766,0.1045176097214241,-0.3154823184461854,0.157388200505232,-0.0790470589704766,0.1045176097214241,-0.3154823184461854,0.157388200505232,False,True,False,False,False,False
Total coliforms,Precipitation,90,ppt_sum_90d,COLIFORMS::Total coliforms::NMP/100 mL,HYDROCHEMICAL_RESPONSE,precipitation,-0.0190031516651902,-0.291,0.225,0.5765,-1.7113272058900624,-0.0752742565529295,0.1019575561431058,-0.3059182724891552,0.1553697593832962,-0.0752742565529295,0.1019575561431058,-0.3059182724891552,0.1553697593832962,False,True,False,False,False,False
Total coliforms,Root-zone soil moisture,1,sm_rootzone_mean_1d,COLIFORMS::Total coliforms::NMP/100 mL,HYDROCHEMICAL_RESPONSE,rootzone_soil_moisture,-0.1698612891770406,-0.432,0.096,0.8985,-1.6875817494742835,-0.0144460998897045,0.0463015575985025,-0.1191875000624587,0.0902953002830496,0.0,0.0,0.0,0.0,False,True,False,False,False,True
Total coliforms,Root-zone soil moisture,7,sm_rootzone_mean_7d,COLIFORMS::Total coliforms::NMP/100 mL,HYDROCHEMICAL_RESPONSE,rootzone_soil_moisture,-0.1879321353010967,-0.463,0.085,0.908,-1.6889948271008746,-0.0158591775162954,0.0495840904618777,-0.1280261829182378,0.096307827885647,-0.0014130776265908,0.0050184752766888,-0.0127656574203586,0.0099395021671769,False,True,False,False,False,False
Total coliforms,Root-zone soil moisture,14,sm_rootzone_mean_14d,COLIFORMS::Total coliforms::NMP/100 mL,HYDROCHEMICAL_RESPONSE,rootzone_soil_moisture,-0.1656986019826825,-0.443,0.091,0.8925,-1.699238027673178,-0.0261023780885988,0.0504793177942485,-0.1402945284128467,0.0880897722356489,-0.0116562781988943,0.0145928398548911,-0.044667575403019,0.0213550190052303,False,True,False,False,False,False
Total coliforms,Root-zone soil moisture,30,sm_rootzone_mean_30d,COLIFORMS::Total coliforms::NMP/100 mL,HYDROCHEMICAL_RESPONSE,rootzone_soil_moisture,-0.0885819098900391,-0.354,0.156,0.756,-1.7024356177281792,-0.0292999681436,0.0362119260050314,-0.1112170359366245,0.0526170996494245,-0.0148538682538954,0.0229334601877705,-0.0667329594866899,0.037025222978899,False,True,False,False,False,False
Total coliforms,Root-zone soil moisture,60,sm_rootzone_mean_60d,COLIFORMS::Total coliforms::NMP/100 mL,HYDROCHEMICAL_RESPONSE,rootzone_soil_moisture,-0.0203953966749291,-0.311,0.257,0.5505,-1.68340499450212,-0.0102693449175407,0.0156668171811256,-0.0457101476229498,0.0251714577878682,0.0041767549721637,0.0366910491314257,-0.0788241646331227,0.0871776745774502,False,True,False,False,False,False
Total coliforms,Root-zone soil moisture,90,sm_rootzone_mean_90d,COLIFORMS::Total coliforms::NMP/100 mL,HYDROCHEMICAL_RESPONSE,rootzone_soil_moisture,0.0381673212055425,-0.229,0.289,0.616,-1.673135649584579,0.0,0.0,0.0,0.0,0.0144460998897045,0.0463015575985025,-0.0902953002830496,0.1191875000624587,False,True,False,False,True,False
Total coliforms,Surface soil moisture,1,sm_surface_mean_1d,COLIFORMS::Total coliforms::NMP/100 mL,HYDROCHEMICAL_RESPONSE,surface_soil_moisture,-0.0622349166097698,-0.318,0.203,0.6755,-1.7118536818008738,-0.011591075711219,0.0573583124045294,-0.1413445929663484,0.1181624415439102,0.0,0.0,0.0,0.0,False,True,False,False,False,True
Total coliforms,Surface soil moisture,7,sm_surface_mean_7d,COLIFORMS::Total coliforms::NMP/100 mL,HYDROCHEMICAL_RESPONSE,surface_soil_moisture,-0.2243226293974316,-0.507,0.022,0.96,-1.7330224364040503,-0.0327598303143955,0.1075166306689092,-0.2759793465080073,0.2104596858792162,-0.0211687546031764,0.0557851084324425,-0.1473634372242189,0.105025928017866,False,True,False,False,False,False
Total coliforms,Surface soil moisture,14,sm_surface_mean_14d,COLIFORMS::Total coliforms::NMP/100 mL,HYDROCHEMICAL_RESPONSE,surface_soil_moisture,-0.2924693941450903,-0.562,-0.043,0.98,-1.720364970948383,-0.0201023648587279,0.1065569959594024,-0.2611510365205056,0.2209463068030496,-0.0085112891475088,0.0590642743487885,-0.1421239604344006,0.1251013821393828,True,True,True,False,False,False
Total coliforms,Surface soil moisture,30,sm_surface_mean_30d,COLIFORMS::Total coliforms::NMP/100 mL,HYDROCHEMICAL_RESPONSE,surface_soil_moisture,-0.297510201189455,-0.568,-0.05,0.98675,-1.7207492703022922,-0.0204866642126375,0.0743106487786095,-0.1885890306235044,0.1476157021982293,-0.0088955885014184,0.056066769177713,-0.1357274319948695,0.1179362549920326,True,True,True,False,False,False
Total coliforms,Surface soil moisture,60,sm_surface_mean_60d,COLIFORMS::Total coliforms::NMP/100 mL,HYDROCHEMICAL_RESPONSE,surface_soil_moisture,-0.193867179354832,-0.47,0.066,0.9185,-1.7198529761301142,-0.0195903700404592,0.041340252505184,-0.1131085183592585,0.0739277782783399,-0.0079992943292402,0.0609429894832101,-0.1458619145144259,0.1298633258559455,False,True,False,False,False,False
Total coliforms,Surface soil moisture,90,sm_surface_mean_90d,COLIFORMS::Total coliforms::NMP/100 mL,HYDROCHEMICAL_RESPONSE,surface_soil_moisture,-0.0611049216151367,-0.332,0.214,0.6735,-1.7002626060896548,0.0,0.0,0.0,0.0,0.011591075711219,0.0573583124045294,-0.1181624415439102,0.1413445929663484,False,True,False,False,True,False
Water temperature,Air temperature,7,tair_mean_7d,FIELD::Water temperature::degC,THERMAL_RESPONSE_REFERENCE,air_temperature,0.3330990340438039,0.239,0.425,1.0,-0.9431176628356256,0.0,0.0,0.0,0.0,0.0,0.0,0.0,0.0,True,True,True,False,True,True
Water temperature,Air temperature,14,tair_mean_14d,FIELD::Water temperature::degC,THERMAL_RESPONSE_REFERENCE,air_temperature,0.3225364838053386,0.223,0.422,1.0,-0.9540516376806412,-0.0109339748450154,0.0142810968103972,-0.0432400602880684,0.0213721105980375,-0.0109339748450154,0.0142810968103972,-0.0432400602880684,0.0213721105980375,True,True,True,False,False,False
Water temperature,Air temperature,30,tair_mean_30d,FIELD::Water temperature::degC,THERMAL_RESPONSE_REFERENCE,air_temperature,0.3312030353532403,0.247,0.432,1.0,-0.9483177003056508,-0.005200037470025,0.042690484690509,-0.1017726231983735,0.0913725482583233,-0.005200037470025,0.042690484690509,-0.1017726231983735,0.0913725482583233,True,True,True,False,False,False
Water temperature,Air temperature,60,tair_mean_60d,FIELD::Water temperature::degC,THERMAL_RESPONSE_REFERENCE,air_temperature,0.2961814767167295,0.203,0.401,1.0,-0.9707507849680936,-0.0276331221324677,0.0589095730859727,-0.160895834849578,0.1056295905846425,-0.0276331221324677,0.0589095730859727,-0.160895834849578,0.1056295905846425,True,True,True,False,False,False
Water temperature,Air temperature,90,tair_mean_90d,FIELD::Water temperature::degC,THERMAL_RESPONSE_REFERENCE,air_temperature,0.1935903690956952,0.087,0.308,1.0,-1.0594791961819774,-0.1163615333463518,0.0836637916830792,-0.3056221789737627,0.0728991122810591,-0.1163615333463518,0.0836637916830792,-0.3056221789737627,0.0728991122810591,True,False,False,False,False,False
Water temperature,Potential evaporation,7,pet_sum_7d,FIELD::Water temperature::degC,THERMAL_RESPONSE_REFERENCE,pet,0.3694399826481347,0.279,0.45,1.0,-0.8522918175751716,-0.0056626889320372,0.0195025034040842,-0.0497804167011729,0.0384550388370985,0.0,0.0,0.0,0.0,True,True,True,False,False,True
Water temperature,Potential evaporation,14,pet_sum_14d,FIELD::Water temperature::degC,THERMAL_RESPONSE_REFERENCE,pet,0.3811550385526395,0.299,0.461,1.0,-0.8466291286431344,0.0,0.0,0.0,0.0,0.0056626889320372,0.0195025034040842,-0.0384550388370985,0.0497804167011729,True,True,True,False,True,False
Water temperature,Potential evaporation,30,pet_sum_30d,FIELD::Water temperature::degC,THERMAL_RESPONSE_REFERENCE,pet,0.3812744577571522,0.296,0.467,1.0,-0.8898548870449787,-0.0432257584018441,0.0832797661894367,-0.231617678008093,0.1451661612044046,-0.0375630694698069,0.090404579342742,-0.2420724361848025,0.1669462972451886,True,True,True,False,False,False
Water temperature,Potential evaporation,60,pet_sum_60d,FIELD::Water temperature::degC,THERMAL_RESPONSE_REFERENCE,pet,0.3874288214671918,0.301,0.473,1.0,-0.8745549159728505,-0.027925787329716,0.1077175884185164,-0.2715999015360328,0.2157483268766008,-0.0222630983976788,0.1117194311381727,-0.2749900097768815,0.2304638129815239,True,True,True,False,False,False
Water temperature,Potential evaporation,90,pet_sum_90d,FIELD::Water temperature::degC,THERMAL_RESPONSE_REFERENCE,pet,0.3684005372163411,0.29,0.463,1.0,-0.9069193310282728,-0.0602902023851384,0.0855684640273399,-0.2538595161990088,0.1332791114287319,-0.0546275134531012,0.0940246211730345,-0.2673259837243246,0.158070956818122,True,True,True,False,False,False
Water temperature,Precipitation,1,ppt_sum_1d,FIELD::Water temperature::degC,THERMAL_RESPONSE_REFERENCE,precipitation,-0.0120083013304142,-0.139,0.116,0.583,-1.1035823780035268,-0.0086388151687987,0.0394027198162238,-0.0977739600370027,0.0804963296994052,0.0,0.0,0.0,0.0,False,True,False,False,False,True
Water temperature,Precipitation,3,ppt_sum_3d,FIELD::Water temperature::degC,THERMAL_RESPONSE_REFERENCE,precipitation,-0.0520201513567783,-0.179,0.079,0.7785,-1.1040880018516197,-0.0091444390168916,0.0317740913514605,-0.0810224273607787,0.0627335493269953,-0.0005056238480929,0.0078459554666738,-0.0182544082064634,0.0172431605102776,False,True,False,False,False,False
Water temperature,Precipitation,7,ppt_sum_7d,FIELD::Water temperature::degC,THERMAL_RESPONSE_REFERENCE,precipitation,-0.0768692449094244,-0.195,0.048,0.8945,-1.1132195787887365,-0.0182760159540084,0.0221769029587957,-0.0684436558321684,0.0318916239241515,-0.0096372007852096,0.0189727202110418,-0.0525564757094446,0.0332820741390253,False,True,False,False,False,False
Water temperature,Precipitation,14,ppt_sum_14d,FIELD::Water temperature::degC,THERMAL_RESPONSE_REFERENCE,precipitation,-0.0831378168971422,-0.198,0.031,0.926,-1.1156128284409417,-0.0206692656062132,0.0192135934419888,-0.0641334336351749,0.0227949024227483,-0.0120304504374145,0.0248427553155095,-0.0682286673194262,0.0441677664445972,False,False,False,False,False,False
Water temperature,Precipitation,30,ppt_sum_30d,FIELD::Water temperature::degC,THERMAL_RESPONSE_REFERENCE,precipitation,-0.0529473975320316,-0.173,0.072,0.795,-1.1245497430043423,-0.0296061801696144,0.0249951956093505,-0.086149240954246,0.026936880615017,-0.0209673650008157,0.0181854702628168,-0.0621057568157171,0.0201710268140856,False,False,False,False,False,False
Water temperature,Precipitation,60,ppt_sum_60d,FIELD::Water temperature::degC,THERMAL_RESPONSE_REFERENCE,precipitation,-0.105150182906577,-0.214,0.022,0.956,-1.1115080961464268,-0.0165645333116986,0.0115450438313736,-0.0426812369103051,0.0095521702869077,-0.0079257181428999,0.0310535922519957,-0.0781738242881027,0.0623223880023028,False,False,False,False,False,False
Water temperature,Precipitation,90,ppt_sum_90d,FIELD::Water temperature::degC,THERMAL_RESPONSE_REFERENCE,precipitation,-0.1450276944591094,-0.262,-0.033,0.992,-1.094943562834728,0.0,0.0,0.0,0.0,0.0086388151687987,0.0394027198162238,-0.0804963296994052,0.0977739600370027,True,True,True,False,True,False
Water temperature,Root-zone soil moisture,1,sm_rootzone_mean_1d,FIELD::Water temperature::degC,THERMAL_RESPONSE_REFERENCE,rootzone_soil_moisture,-0.1419963115292474,-0.253,-0.022,0.9885,-1.1082938777471971,-0.2639040165404275,0.0977393199148285,-0.4850057191782453,-0.0428023139026096,0.0,0.0,0.0,0.0,True,False,False,False,False,True
Water temperature,Root-zone soil moisture,7,sm_rootzone_mean_7d,FIELD::Water temperature::degC,THERMAL_RESPONSE_REFERENCE,rootzone_soil_moisture,-0.1526020283898598,-0.26,-0.021,0.9935,-1.0990072895489011,-0.2546174283421314,0.0950326933039013,-0.4695963162048687,-0.0396385404793942,0.009286588198296,0.006562900940121,-0.0055597251725006,0.0241329015690927,True,False,False,False,False,False
Water temperature,Root-zone soil moisture,14,sm_rootzone_mean_14d,FIELD::Water temperature::degC,THERMAL_RESPONSE_REFERENCE,rootzone_soil_moisture,-0.1643873831680471,-0.269,-0.048,0.999,-1.0926657944354985,-0.2482759332287284,0.0913229934678524,-0.454862897035309,-0.0416889694221479,0.0156280833116989,0.0148788430984546,-0.0180301981784525,0.0492863648018504,True,False,False,False,False,False
Water temperature,Root-zone soil moisture,30,sm_rootzone_mean_30d,FIELD::Water temperature::degC,THERMAL_RESPONSE_REFERENCE,rootzone_soil_moisture,-0.2189563542397901,-0.322,-0.115,1.0,-1.047656818944647,-0.2032669577378768,0.0754033111223016,-0.3738410980961075,-0.032692817379646,0.0606370588025506,0.0354246075202959,-0.019498970840782,0.1407730884458833,True,False,False,False,False,False
Water temperature,Root-zone soil moisture,60,sm_rootzone_mean_60d,FIELD::Water temperature::degC,THERMAL_RESPONSE_REFERENCE,rootzone_soil_moisture,-0.3022865414556929,-0.399,-0.194,1.0,-0.9463508926325344,-0.1019610314257645,0.0457490905860254,-0.2054526643890031,0.0015306015374739,0.1619429851146629,0.0655918280050816,0.0135639615682733,0.3103220086610525,True,False,False,False,False,False
Water temperature,Root-zone soil moisture,90,sm_rootzone_mean_90d,FIELD::Water temperature::degC,THERMAL_RESPONSE_REFERENCE,rootzone_soil_moisture,-0.3645840962897182,-0.452,-0.277,1.0,-0.8443898612067698,0.0,0.0,0.0,0.0,0.2639040165404275,0.0977393199148285,0.0428023139026096,0.4850057191782453,True,True,True,True,True,False
Water temperature,Surface soil moisture,1,sm_surface_mean_1d,FIELD::Water temperature::degC,THERMAL_RESPONSE_REFERENCE,surface_soil_moisture,0.0961174233969915,-0.023,0.223,0.941,-1.122402890172317,-0.1043178463508057,0.0788494060458451,-0.2826875950242057,0.0740519023225942,0.0,0.0,0.0,0.0,False,False,False,False,False,True
Water temperature,Surface soil moisture,7,sm_surface_mean_7d,FIELD::Water temperature::degC,THERMAL_RESPONSE_REFERENCE,surface_soil_moisture,0.0990254674073957,-0.014,0.223,0.951,-1.1187371240341846,-0.1006520802126731,0.073945625183895,-0.2679287058841459,0.0666245454587995,0.0036657661381325,0.0123641932507261,-0.0243039821869099,0.031635514463175,False,False,False,False,False,False
Water temperature,Surface soil moisture,14,sm_surface_mean_14d,FIELD::Water temperature::degC,THERMAL_RESPONSE_REFERENCE,surface_soil_moisture,0.1170002149247271,0.013,0.244,0.971,-1.112144324936427,-0.0940592811149154,0.0791502548949612,-0.2731095971672798,0.0849910349374489,0.0102585652358902,0.0142710129178461,-0.0220247088573988,0.0425418393291794,True,False,False,False,False,False
Water temperature,Surface soil moisture,30,sm_surface_mean_30d,FIELD::Water temperature::degC,THERMAL_RESPONSE_REFERENCE,surface_soil_moisture,0.0788772197749369,-0.051,0.191,0.8925,-1.1296313076555202,-0.1115462638340088,0.0735138865650697,-0.2778462288964251,0.0547537012284074,-0.0072284174832031,0.0112087294133129,-0.0325843250120223,0.0181274900456161,False,False,False,False,False,False
Water temperature,Surface soil moisture,60,sm_surface_mean_60d,FIELD::Water temperature::degC,THERMAL_RESPONSE_REFERENCE,surface_soil_moisture,-0.0872441339442551,-0.201,0.028,0.932,-1.1376408714115314,-0.1195558275900199,0.046057318052723,-0.2237447195248366,-0.0153669356552031,-0.0152379812392141,0.060051805419342,-0.1510846030108994,0.120608640532471,False,False,False,False,False,False
Water temperature,Surface soil moisture,90,sm_surface_mean_90d,FIELD::Water temperature::degC,THERMAL_RESPONSE_REFERENCE,surface_soil_moisture,-0.2505753300798171,-0.354,-0.149,1.0,-1.0180850438215114,0.0,0.0,0.0,0.0,0.1043178463508057,0.0788494060458451,-0.0740519023225942,0.2826875950242057,True,True,True,False,True,False
Al,Air temperature,7,tair_mean_7d,METALS::Aluminio::mg/L,HYDROCHEMICAL_RESPONSE,air_temperature,0.02577178460331,-0.174,0.241,0.59,-1.588335353200236,-0.0576055531788804,0.0226476606031441,-0.1088381208341716,-0.0063729855235892,0.0,0.0,0.0,0.0,False,False,False,False,False,True
Al,Air temperature,14,tair_mean_14d,METALS::Aluminio::mg/L,HYDROCHEMICAL_RESPONSE,air_temperature,0.0257377562955626,-0.172,0.224,0.602,-1.585393471489258,-0.0546636714679025,0.0246697320477515,-0.1104704825254151,0.00114313958961,0.0029418817109779,0.003770065037807,-0.0055865979187231,0.0114703613406789,False,False,False,False,False,False
Al,Air temperature,30,tair_mean_30d,METALS::Aluminio::mg/L,HYDROCHEMICAL_RESPONSE,air_temperature,0.0587293707333847,-0.157,0.267,0.701,-1.5831697850031,-0.0524399849817446,0.0219619719586234,-0.1021214171583455,-0.0027585528051437,0.0051655681971358,0.0054242995138368,-0.0071050498015562,0.0174361861958279,False,False,False,False,False,False
Al,Air temperature,60,tair_mean_60d,METALS::Aluminio::mg/L,HYDROCHEMICAL_RESPONSE,air_temperature,0.1206268837030152,-0.095,0.315,0.883,-1.5653746587719954,-0.03464485875064,0.0090222872548657,-0.0550546904895617,-0.0142350270117182,0.0229606944282404,0.015307837815053,-0.0116680405328906,0.0575894293893715,False,False,False,False,False,False
Al,Air temperature,90,tair_mean_90d,METALS::Aluminio::mg/L,HYDROCHEMICAL_RESPONSE,air_temperature,0.2366826119929341,0.045,0.428,0.9865,-1.5307298000213554,0.0,0.0,0.0,0.0,0.0576055531788804,0.0226476606031441,0.0063729855235892,0.1088381208341716,True,True,True,False,True,False
Al,Potential evaporation,7,pet_sum_7d,METALS::Aluminio::mg/L,HYDROCHEMICAL_RESPONSE,pet,-0.2646260941595894,-0.463,-0.06,0.9955,-1.561945777631738,0.0,0.0,0.0,0.0,0.0,0.0,0.0,0.0,True,True,True,False,True,True
Al,Potential evaporation,14,pet_sum_14d,METALS::Aluminio::mg/L,HYDROCHEMICAL_RESPONSE,pet,-0.2733609067455516,-0.463,-0.072,0.9975,-1.5661331439039912,-0.0041873662722531,0.0112303900743114,-0.0295922736205024,0.0212175410759962,-0.0041873662722531,0.0112303900743114,-0.0295922736205024,0.0212175410759962,True,True,True,False,False,False
Al,Potential evaporation,30,pet_sum_30d,METALS::Aluminio::mg/L,HYDROCHEMICAL_RESPONSE,pet,-0.1335632065136078,-0.342,0.078,0.898,-1.6132904218572572,-0.0513446442255193,0.030066129460062,-0.1193589543428972,0.0166696658918586,-0.0513446442255193,0.030066129460062,-0.1193589543428972,0.0166696658918586,False,False,False,False,False,False
Al,Potential evaporation,60,pet_sum_60d,METALS::Aluminio::mg/L,HYDROCHEMICAL_RESPONSE,pet,-0.023557403334572,-0.228,0.188,0.59,-1.6004321964089576,-0.0384864187772197,0.0413486394040113,-0.1320235395792753,0.0550507020248357,-0.0384864187772197,0.0413486394040113,-0.1320235395792753,0.0550507020248357,False,True,False,False,False,False
Al,Potential evaporation,90,pet_sum_90d,METALS::Aluminio::mg/L,HYDROCHEMICAL_RESPONSE,pet,0.0215393170108533,-0.168,0.23,0.5725,-1.5904204349134554,-0.0284746572817174,0.0479347977020286,-0.1369107032533237,0.0799613886898888,-0.0284746572817174,0.0479347977020286,-0.1369107032533237,0.0799613886898888,False,True,False,False,False,False
Al,Precipitation,1,ppt_sum_1d,METALS::Aluminio::mg/L,HYDROCHEMICAL_RESPONSE,precipitation,0.2412751929255839,0.036,0.465,0.985,-1.5363607929775172,-0.1094111822985796,0.051599203816003,-0.2261366908085194,0.0073143262113601,0.0,0.0,0.0,0.0,True,False,False,False,False,True
Al,Precipitation,3,ppt_sum_3d,METALS::Aluminio::mg/L,HYDROCHEMICAL_RESPONSE,precipitation,0.3558079404614807,0.144,0.546,0.9995,-1.504467734648389,-0.0775181239694513,0.030701157122445,-0.1469689664618997,-0.008067281477003,0.0318930583291282,0.0250493976474203,-0.0247726159841644,0.0885587326424209,True,False,False,False,False,False
Al,Precipitation,7,ppt_sum_7d,METALS::Aluminio::mg/L,HYDROCHEMICAL_RESPONSE,precipitation,0.4562356830332555,0.252,0.639,1.0,-1.4705439683317536,-0.0435943576528157,0.0117551117442904,-0.0701862678853127,-0.0170024474203188,0.0658168246457638,0.0457357107538935,-0.0376445410343797,0.1692781903259074,True,False,False,False,False,False
Al,Precipitation,14,ppt_sum_14d,METALS::Aluminio::mg/L,HYDROCHEMICAL_RESPONSE,precipitation,0.5329722948539575,0.359,0.709,1.0,-1.4269496106789377,0.0,0.0,0.0,0.0,0.1094111822985796,0.051599203816003,-0.0073143262113601,0.2261366908085194,True,True,True,False,True,False
Al,Precipitation,30,ppt_sum_30d,METALS::Aluminio::mg/L,HYDROCHEMICAL_RESPONSE,precipitation,0.4098788383658892,0.217,0.6,1.0,-1.5015167454906708,-0.0745671348117331,0.0302577899432578,-0.1430150110640086,-0.0061192585594576,0.0348440474868465,0.0543813772042057,-0.0881751744815182,0.1578632694552112,True,False,False,False,False,False
Al,Precipitation,60,ppt_sum_60d,METALS::Aluminio::mg/L,HYDROCHEMICAL_RESPONSE,precipitation,0.4421076712507147,0.261,0.641,1.0,-1.4694701173149751,-0.0425205066360376,0.0252985754885016,-0.0997498603873568,0.0147088471152815,0.0668906756625419,0.0419293699663263,-0.0279601489407427,0.1617415002658267,True,False,False,False,False,False
Al,Precipitation,90,ppt_sum_90d,METALS::Aluminio::mg/L,HYDROCHEMICAL_RESPONSE,precipitation,0.4160679836774533,0.235,0.617,1.0,-1.4916030748529447,-0.0646534641740073,0.0325655659637973,-0.138321892481409,0.0090149641333943,0.0447577181245723,0.0455879893212928,-0.0583694784587064,0.147884914707851,True,False,False,False,False,False
Al,Root-zone soil moisture,1,sm_rootzone_mean_1d,METALS::Aluminio::mg/L,HYDROCHEMICAL_RESPONSE,rootzone_soil_moisture,0.4834259995221093,0.305,0.661,1.0,-1.4516472459108565,0.0,0.0,0.0,0.0,0.0,0.0,0.0,0.0,True,True,True,False,True,True
Al,Root-zone soil moisture,7,sm_rootzone_mean_7d,METALS::Aluminio::mg/L,HYDROCHEMICAL_RESPONSE,rootzone_soil_moisture,0.4718330929483892,0.286,0.651,1.0,-1.455511666734863,-0.0038644208240068,0.0061123596938423,-0.017691539087373,0.0099626974393593,-0.0038644208240068,0.0061123596938423,-0.017691539087373,0.0099626974393593,True,True,True,False,False,False
Al,Root-zone soil moisture,14,sm_rootzone_mean_14d,METALS::Aluminio::mg/L,HYDROCHEMICAL_RESPONSE,rootzone_soil_moisture,0.4472135394491262,0.253,0.619,1.0,-1.4733990825691643,-0.021751836658308,0.0177210430509988,-0.061839621129371,0.0183359478127548,-0.021751836658308,0.0177210430509988,-0.061839621129371,0.0183359478127548,True,False,False,False,False,False
Al,Root-zone soil moisture,30,sm_rootzone_mean_30d,METALS::Aluminio::mg/L,HYDROCHEMICAL_RESPONSE,rootzone_soil_moisture,0.3790766505239021,0.194,0.569,1.0,-1.5134839936232525,-0.061836747712396,0.0441086042353545,-0.1616173427268998,0.0379438473021078,-0.061836747712396,0.0441086042353545,-0.1616173427268998,0.0379438473021078,True,False,False,False,False,False
Al,Root-zone soil moisture,60,sm_rootzone_mean_60d,METALS::Aluminio::mg/L,HYDROCHEMICAL_RESPONSE,rootzone_soil_moisture,0.3389078386571958,0.131,0.522,1.0,-1.5660818827784326,-0.1144346368675764,0.0867615263538937,-0.310702845169192,0.0818335714340389,-0.1144346368675764,0.0867615263538937,-0.310702845169192,0.0818335714340389,True,False,False,False,False,False
Al,Root-zone soil moisture,90,sm_rootzone_mean_90d,METALS::Aluminio::mg/L,HYDROCHEMICAL_RESPONSE,rootzone_soil_moisture,0.2803576739775604,0.07,0.466,0.998,-1.5959807370777557,-0.1443334911668989,0.0936351260927272,-0.3561508623523087,0.0674838800185108,-0.1443334911668989,0.0936351260927272,-0.3561508623523087,0.0674838800185108,True,False,False,False,False,False
Al,Surface soil moisture,1,sm_surface_mean_1d,METALS::Aluminio::mg/L,HYDROCHEMICAL_RESPONSE,surface_soil_moisture,0.3557219357451586,0.17,0.536,0.999,-1.5090330232248914,-0.0095097939100538,0.0134426661715963,-0.039919217477987,0.0208996296578792,0.0,0.0,0.0,0.0,True,True,True,False,False,True
Al,Surface soil moisture,7,sm_surface_mean_7d,METALS::Aluminio::mg/L,HYDROCHEMICAL_RESPONSE,surface_soil_moisture,0.3681854182833949,0.169,0.558,1.0,-1.4995232293148373,0.0,0.0,0.0,0.0,0.0095097939100538,0.0134426661715963,-0.0208996296578792,0.039919217477987,True,True,True,False,True,False
Al,Surface soil moisture,14,sm_surface_mean_14d,METALS::Aluminio::mg/L,HYDROCHEMICAL_RESPONSE,surface_soil_moisture,0.3598831776144517,0.162,0.545,0.999,-1.5126608548047302,-0.0131376254898929,0.0208925283089838,-0.0603998080541927,0.0341245570744069,-0.003627831579839,0.031707397967889,-0.0753549490083647,0.0680992858486866,True,True,True,False,False,False
Al,Surface soil moisture,30,sm_surface_mean_30d,METALS::Aluminio::mg/L,HYDROCHEMICAL_RESPONSE,surface_soil_moisture,0.3193173478579232,0.144,0.528,0.9995,-1.5390810715576992,-0.039557842242862,0.0337403943288098,-0.115883916951301,0.0367682324655768,-0.0300480483328082,0.0404687095183435,-0.1215946294411908,0.0614985327755744,True,False,False,False,False,False
Al,Surface soil moisture,60,sm_surface_mean_60d,METALS::Aluminio::mg/L,HYDROCHEMICAL_RESPONSE,surface_soil_moisture,0.3042165921564031,0.116,0.494,0.9995,-1.5346669770778123,-0.0351437477629752,0.03572253966469,-0.1159537467407935,0.045666251214843,-0.0256339538529213,0.0347353639955885,-0.1042108063198863,0.0529428986140436,True,True,True,False,False,False
Al,Surface soil moisture,90,sm_surface_mean_90d,METALS::Aluminio::mg/L,HYDROCHEMICAL_RESPONSE,surface_soil_moisture,0.2796135685613086,0.085,0.497,0.9945,-1.5733242863248584,-0.0738010570100213,0.0818227176864468,-0.2588969039086058,0.1112947898885632,-0.0642912630999674,0.0805196300788131,-0.2464393210331169,0.1178567948331821,True,True,True,False,False,False
Fe,Air temperature,7,tair_mean_7d,METALS::Hierro::mg/L,HYDROCHEMICAL_RESPONSE,air_temperature,-0.0844194092818302,-0.343,0.159,0.7355,-1.951251883344948,0.0,0.0,0.0,0.0,0.0,0.0,0.0,0.0,False,True,False,False,True,True
Fe,Air temperature,14,tair_mean_14d,METALS::Hierro::mg/L,HYDROCHEMICAL_RESPONSE,air_temperature,-0.078492833776249,-0.373,0.176,0.7345,-1.9544112809505343,-0.0031593976055861,0.0024403544869148,-0.0086798629880636,0.0023610677768914,-0.0031593976055861,0.0024403544869148,-0.0086798629880636,0.0023610677768914,False,False,False,False,False,False
Fe,Air temperature,30,tair_mean_30d,METALS::Hierro::mg/L,HYDROCHEMICAL_RESPONSE,air_temperature,-0.1682959269634358,-0.424,0.086,0.9015,-1.9794534282769325,-0.028201544931984,0.0203591086398017,-0.0742570483708364,0.0178539585068682,-0.028201544931984,0.0203591086398017,-0.0742570483708364,0.0178539585068682,False,False,False,False,False,False
Fe,Air temperature,60,tair_mean_60d,METALS::Hierro::mg/L,HYDROCHEMICAL_RESPONSE,air_temperature,-0.1514372227650263,-0.418,0.131,0.8635,-1.986241966203556,-0.0349900828586081,0.0201293708965329,-0.0805258834159469,0.0105457176987306,-0.0349900828586081,0.0201293708965329,-0.0805258834159469,0.0105457176987306,False,False,False,False,False,False
Fe,Air temperature,90,tair_mean_90d,METALS::Hierro::mg/L,HYDROCHEMICAL_RESPONSE,air_temperature,0.0237493721968403,-0.245,0.295,0.581,-1.9751108932014207,-0.0238590098564733,0.0290901212893722,-0.0896654360995213,0.0419474163865746,-0.0238590098564733,0.0290901212893722,-0.0896654360995213,0.0419474163865746,False,True,False,False,False,False
Fe,Potential evaporation,7,pet_sum_7d,METALS::Hierro::mg/L,HYDROCHEMICAL_RESPONSE,pet,-0.1678154784997828,-0.422,0.116,0.8895,-1.935500457728768,0.0,0.0,0.0,0.0,0.0,0.0,0.0,0.0,False,True,False,False,True,True
Fe,Potential evaporation,14,pet_sum_14d,METALS::Hierro::mg/L,HYDROCHEMICAL_RESPONSE,pet,-0.1570018068203455,-0.418,0.103,0.886,-1.938752405292416,-0.0032519475636482,0.0046127170219928,-0.0136866384151685,0.0071827432878719,-0.0032519475636482,0.0046127170219928,-0.0136866384151685,0.0071827432878719,False,True,False,False,False,False
Fe,Potential evaporation,30,pet_sum_30d,METALS::Hierro::mg/L,HYDROCHEMICAL_RESPONSE,pet,-0.2423058502586633,-0.508,0.023,0.959,-1.961460034544648,-0.0259595768158799,0.0331167852602786,-0.1008749498031204,0.0489557961713604,-0.0259595768158799,0.0331167852602786,-0.1008749498031204,0.0489557961713604,False,True,False,False,False,False
Fe,Potential evaporation,60,pet_sum_60d,METALS::Hierro::mg/L,HYDROCHEMICAL_RESPONSE,pet,-0.3507383137491494,-0.612,-0.105,0.997,-2.006819510071492,-0.0713190523427244,0.0554878275178718,-0.196841238813491,0.0542031341280421,-0.0713190523427244,0.0554878275178718,-0.196841238813491,0.0542031341280421,True,False,False,False,False,False
Fe,Potential evaporation,90,pet_sum_90d,METALS::Hierro::mg/L,HYDROCHEMICAL_RESPONSE,pet,-0.3344484184294128,-0.607,-0.096,0.995,-2.019322131743568,-0.0838216740148003,0.0533321231645378,-0.2044673184416766,0.0368239704120758,-0.0838216740148003,0.0533321231645378,-0.2044673184416766,0.0368239704120758,True,False,False,False,False,False
Fe,Precipitation,1,ppt_sum_1d,METALS::Hierro::mg/L,HYDROCHEMICAL_RESPONSE,precipitation,0.3272594206322795,0.046,0.581,0.9935,-1.908268103334133,-0.0658231144866281,0.045431930438249,-0.1685972813498023,0.0369510523765461,0.0,0.0,0.0,0.0,True,False,False,False,False,True
Fe,Precipitation,3,ppt_sum_3d,METALS::Hierro::mg/L,HYDROCHEMICAL_RESPONSE,precipitation,0.3063479376483979,0.051,0.588,0.987,-1.9160434756357216,-0.0735984867882169,0.0493320858560375,-0.1851954181659857,0.0379984445895517,-0.0077753723015888,0.0105155929780949,-0.0315632962786447,0.0160125516754669,True,False,False,False,False,False
Fe,Precipitation,7,ppt_sum_7d,METALS::Hierro::mg/L,HYDROCHEMICAL_RESPONSE,precipitation,0.4583404298051496,0.211,0.71,1.0,-1.890722626089948,-0.0482776372424427,0.0421322403395277,-0.1435873865135958,0.0470321120287102,0.0175454772441853,0.0201937743368798,-0.0281360140170467,0.0632269685054174,True,False,False,False,False,False
Fe,Precipitation,14,ppt_sum_14d,METALS::Hierro::mg/L,HYDROCHEMICAL_RESPONSE,precipitation,0.4178752244209178,0.156,0.663,0.9995,-1.9132916705827456,-0.0708466817352409,0.065363326516593,-0.2187087990027233,0.0770154355322413,-0.0050235672486128,0.0394159416072273,-0.094188621886041,0.0841414873888152,True,False,False,False,False,False
Fe,Precipitation,30,ppt_sum_30d,METALS::Hierro::mg/L,HYDROCHEMICAL_RESPONSE,precipitation,0.3659352280222145,0.117,0.606,0.9985,-1.9147515438892249,-0.0723065550417203,0.0495709968921315,-0.1844439407310739,0.0398308306476332,-0.0064834405550922,0.0235219438692287,-0.05969377436312,0.0467268932529355,True,False,False,False,False,False
Fe,Precipitation,60,ppt_sum_60d,METALS::Hierro::mg/L,HYDROCHEMICAL_RESPONSE,precipitation,0.5452995012660709,0.321,0.814,1.0,-1.8655849031103928,-0.0231399142628879,0.0251219188358919,-0.0799696429021401,0.0336898143763643,0.0426832002237401,0.0321372199866925,-0.0300162421633741,0.1153826426108545,True,True,True,False,False,False
Fe,Precipitation,90,ppt_sum_90d,METALS::Hierro::mg/L,HYDROCHEMICAL_RESPONSE,precipitation,0.6189572118177764,0.398,0.86,1.0,-1.8424449888475043,0.0,0.0,0.0,0.0,0.0658231144866281,0.045431930438249,-0.0369510523765461,0.1685972813498023,True,True,True,False,True,False
Fe,Root-zone soil moisture,1,sm_rootzone_mean_1d,METALS::Hierro::mg/L,HYDROCHEMICAL_RESPONSE,rootzone_soil_moisture,0.42464503140342,0.169,0.672,0.9995,-1.921518251696844,-0.0796488174477421,0.1055051925753305,-0.3183181445503272,0.159020509654843,0.0,0.0,0.0,0.0,True,True,True,False,False,True
Fe,Root-zone soil moisture,7,sm_rootzone_mean_7d,METALS::Hierro::mg/L,HYDROCHEMICAL_RESPONSE,rootzone_soil_moisture,0.4664157859242487,0.216,0.719,0.9995,-1.904263388806188,-0.0623939545570867,0.0892847645376615,-0.2643701241896994,0.1395822150755259,0.0172548628906553,0.0165420304014839,-0.0201658096702118,0.0546755354515225,True,True,True,False,False,False
Fe,Root-zone soil moisture,14,sm_rootzone_mean_14d,METALS::Hierro::mg/L,HYDROCHEMICAL_RESPONSE,rootzone_soil_moisture,0.5153079215377541,0.248,0.747,1.0,-1.881008853966001,-0.0391394197168998,0.0649654833405401,-0.1861015531939814,0.1078227137601817,0.0405093977308422,0.0421572936595734,-0.0548570260877054,0.13587582154939,True,True,True,False,False,False
Fe,Root-zone soil moisture,30,sm_rootzone_mean_30d,METALS::Hierro::mg/L,HYDROCHEMICAL_RESPONSE,rootzone_soil_moisture,0.6764784381380218,0.442,0.913,1.0,-1.841869434249101,0.0,0.0,0.0,0.0,0.0796488174477421,0.1055051925753305,-0.159020509654843,0.3183181445503272,True,True,True,False,True,False
Fe,Root-zone soil moisture,60,sm_rootzone_mean_60d,METALS::Hierro::mg/L,HYDROCHEMICAL_RESPONSE,rootzone_soil_moisture,0.799934437371034,0.593,1.036,1.0,-1.8628197032537368,-0.0209502690046354,0.109782520565534,-0.2692955842581359,0.2273950462488649,0.0586985484431066,0.2039553033719601,-0.4026804019818538,0.5200774988680671,True,True,True,False,False,False
Fe,Root-zone soil moisture,90,sm_rootzone_mean_90d,METALS::Hierro::mg/L,HYDROCHEMICAL_RESPONSE,rootzone_soil_moisture,0.8019661727210944,0.561,1.03,1.0,-1.9616174602573293,-0.1197480260082283,0.191985010663628,-0.5540482930415751,0.3145522410251185,-0.0400992085604862,0.2753205526477474,-0.6629175688135373,0.5827191516925648,True,True,True,False,False,False
Fe,Surface soil moisture,1,sm_surface_mean_1d,METALS::Hierro::mg/L,HYDROCHEMICAL_RESPONSE,surface_soil_moisture,0.0757305627490195,-0.2,0.331,0.7165,-2.007202555283971,-0.1592389006945444,0.1947326866989664,-0.5997548427524345,0.2812770413633456,0.0,0.0,0.0,0.0,False,True,False,False,False,True
Fe,Surface soil moisture,7,sm_surface_mean_7d,METALS::Hierro::mg/L,HYDROCHEMICAL_RESPONSE,surface_soil_moisture,0.0827269551767514,-0.195,0.342,0.7175,-2.017553178655036,-0.1695895240656088,0.2029954056337963,-0.6287970349465746,0.2896179868153569,-0.0103506233710644,0.0097097719827656,-0.0323156536115577,0.0116144068694289,False,True,False,False,False,False
Fe,Surface soil moisture,14,sm_surface_mean_14d,METALS::Hierro::mg/L,HYDROCHEMICAL_RESPONSE,surface_soil_moisture,0.0359834325571831,-0.231,0.297,0.603,-2.0160577041896985,-0.1680940496002718,0.1971523583458508,-0.6140836692059164,0.2778955700053727,-0.0088551489057273,0.0079608820340097,-0.026863915221599,0.0091536174101443,False,True,False,False,False,False
Fe,Surface soil moisture,30,sm_surface_mean_30d,METALS::Hierro::mg/L,HYDROCHEMICAL_RESPONSE,surface_soil_moisture,0.1885305077111188,-0.069,0.452,0.9245,-1.973205408851377,-0.1252417542619501,0.1626976831157854,-0.4932894835020905,0.2428059749781903,0.0339971464325943,0.0421742077939315,-0.0614075398161451,0.1294018326813338,False,True,False,False,False,False
Fe,Surface soil moisture,60,sm_surface_mean_60d,METALS::Hierro::mg/L,HYDROCHEMICAL_RESPONSE,surface_soil_moisture,0.5378100638357265,0.274,0.79,1.0,-1.8902414820809008,-0.042277827491474,0.1114748210243438,-0.2944513923495721,0.2098957373666241,0.1169610732030704,0.1164542521237003,-0.1464767473833754,0.3803988937895163,True,True,True,False,False,False
Fe,Surface soil moisture,90,sm_surface_mean_90d,METALS::Hierro::mg/L,HYDROCHEMICAL_RESPONSE,surface_soil_moisture,0.7641488826912641,0.514,0.996,1.0,-1.847963654589427,0.0,0.0,0.0,0.0,0.1592389006945444,0.1947326866989664,-0.2812770413633456,0.5997548427524345,True,True,True,False,True,False
Si,Air temperature,7,tair_mean_7d,METALS::Silicio::mg/L,HYDROCHEMICAL_RESPONSE,air_temperature,-0.0833359829586615,-0.193,0.022,0.9345,-1.137548576703198,-0.0103319624718692,0.0129783921992247,-0.0396911253476753,0.0190272004039369,0.0,0.0,0.0,0.0,False,True,False,False,False,True
Si,Air temperature,14,tair_mean_14d,METALS::Silicio::mg/L,HYDROCHEMICAL_RESPONSE,air_temperature,-0.0727837216147388,-0.183,0.035,0.902,-1.1389151882173247,-0.011698573985996,0.0129705690912567,-0.0410400397620765,0.0176428917900845,-0.0013666115141268,0.0062980956337494,-0.0156138936643532,0.0128806706360996,False,True,False,False,False,False
Si,Air temperature,30,tair_mean_30d,METALS::Silicio::mg/L,HYDROCHEMICAL_RESPONSE,air_temperature,-0.0715983023112094,-0.173,0.047,0.8995,-1.1428739919181,-0.0156573776867712,0.0122539721669858,-0.0433777885977331,0.0120630332241905,-0.005325415214902,0.0070855665267225,-0.0213540802862066,0.0107032498564025,False,False,False,False,False,False
Si,Air temperature,60,tair_mean_60d,METALS::Silicio::mg/L,HYDROCHEMICAL_RESPONSE,air_temperature,-0.0751120279002414,-0.185,0.03,0.9085,-1.1339817170044957,-0.0067651027731667,0.0138062954416767,-0.0379971128990357,0.0244669073527022,0.0035668596987024,0.0094432963607096,-0.0177953608046309,0.0249290802020358,False,True,False,False,False,False
Si,Air temperature,90,tair_mean_90d,METALS::Silicio::mg/L,HYDROCHEMICAL_RESPONSE,air_temperature,-0.1133854717820218,-0.225,-0.012,0.985,-1.127216614231329,0.0,0.0,0.0,0.0,0.0103319624718692,0.0129783921992247,-0.0190272004039369,0.0396911253476753,True,True,True,False,True,False
Si,Potential evaporation,7,pet_sum_7d,METALS::Silicio::mg/L,HYDROCHEMICAL_RESPONSE,pet,-0.0127994921450487,-0.12,0.099,0.594,-1.138855341100165,0.0,0.0,0.0,0.0,0.0,0.0,0.0,0.0,False,True,False,False,True,True
Si,Potential evaporation,14,pet_sum_14d,METALS::Silicio::mg/L,HYDROCHEMICAL_RESPONSE,pet,-0.0027310915710144,-0.129,0.101,0.5065,-1.145024656069,-0.0061693149688351,0.004440650120778,-0.016214763447282,0.0038761335096117,-0.0061693149688351,0.004440650120778,-0.016214763447282,0.0038761335096117,False,False,False,False,False,False
Si,Potential evaporation,30,pet_sum_30d,METALS::Silicio::mg/L,HYDROCHEMICAL_RESPONSE,pet,-0.0247904642995487,-0.127,0.086,0.6685,-1.1533586622748475,-0.0145033211746826,0.0131460402846737,-0.044241730367826,0.0152350880184607,-0.0145033211746826,0.0131460402846737,-0.044241730367826,0.0152350880184607,False,False,False,False,False,False
Si,Potential evaporation,60,pet_sum_60d,METALS::Silicio::mg/L,HYDROCHEMICAL_RESPONSE,pet,-0.023973966313044,-0.138,0.081,0.6555,-1.160460475536479,-0.0216051344363136,0.0149926370379444,-0.0555208357017714,0.012310566829144,-0.0216051344363136,0.0149926370379444,-0.0555208357017714,0.012310566829144,False,False,False,False,False,False
Si,Potential evaporation,90,pet_sum_90d,METALS::Silicio::mg/L,HYDROCHEMICAL_RESPONSE,pet,-0.039607396729645,-0.143,0.073,0.7575,-1.151888147395415,-0.0130328062952498,0.0111158591652371,-0.0381786267271685,0.0121130141366688,-0.0130328062952498,0.0111158591652371,-0.0381786267271685,0.0121130141366688,False,False,False,False,False,False
Si,Precipitation,1,ppt_sum_1d,METALS::Silicio::mg/L,HYDROCHEMICAL_RESPONSE,precipitation,-0.1462967527447715,-0.265,-0.038,0.9945,-1.1137770701999208,-0.0235401484666926,0.0494902329526989,-0.1354948334319585,0.0884145364985732,0.0,0.0,0.0,0.0,True,True,True,False,False,True
Si,Precipitation,3,ppt_sum_3d,METALS::Silicio::mg/L,HYDROCHEMICAL_RESPONSE,precipitation,-0.2013966702183067,-0.317,-0.078,1.0,-1.0972085531547595,-0.0069716314215312,0.0278897053192554,-0.0700625280793749,0.0561192652363123,0.0165685170451613,0.0370615797177765,-0.0672706009800949,0.1004076350704177,True,True,True,False,False,False
Si,Precipitation,7,ppt_sum_7d,METALS::Silicio::mg/L,HYDROCHEMICAL_RESPONSE,precipitation,-0.2167161588364458,-0.326,-0.111,1.0,-1.092096964045356,-0.0018600423121277,0.0168058780745929,-0.0398775797766208,0.0361574951523653,0.0216801061545648,0.0575222281043812,-0.1084442141750884,0.1518044264842182,True,True,True,False,False,False
Si,Precipitation,14,ppt_sum_14d,METALS::Silicio::mg/L,HYDROCHEMICAL_RESPONSE,precipitation,-0.2050572063607739,-0.314,-0.091,1.0,-1.0902369217332282,0.0,0.0,0.0,0.0,0.0235401484666926,0.0494902329526989,-0.0884145364985732,0.1354948334319585,True,True,True,False,True,False
Si,Precipitation,30,ppt_sum_30d,METALS::Silicio::mg/L,HYDROCHEMICAL_RESPONSE,precipitation,-0.1691499123991606,-0.27,-0.058,0.999,-1.1266736623439029,-0.0364367406106745,0.0119341201597933,-0.0634335960125125,-0.0094398852088366,-0.0128965921439819,0.0478204279584803,-0.1210739157810065,0.0952807314930427,True,False,False,False,False,False
Si,Precipitation,60,ppt_sum_60d,METALS::Silicio::mg/L,HYDROCHEMICAL_RESPONSE,precipitation,-0.2063225479582559,-0.316,-0.1,1.0,-1.122631081865158,-0.0323941601319298,0.0364362006544436,-0.1148185724295687,0.050030252165709,-0.0088540116652372,0.0745096957369045,-0.1774066535785553,0.1596986302480808,True,True,True,False,False,False
Si,Precipitation,90,ppt_sum_90d,METALS::Silicio::mg/L,HYDROCHEMICAL_RESPONSE,precipitation,-0.208363888121404,-0.317,-0.103,1.0,-1.1244631689397626,-0.0342262472065343,0.0358169630857172,-0.1152498468025704,0.0467973523895017,-0.0106860987398416,0.0733026394391487,-0.1765081896032233,0.1551359921235399,True,True,True,False,False,False
Si,Root-zone soil moisture,1,sm_rootzone_mean_1d,METALS::Silicio::mg/L,HYDROCHEMICAL_RESPONSE,rootzone_soil_moisture,-0.190303259258668,-0.295,-0.084,1.0,-1.1247337366401755,-0.0171275465706004,0.0393461107133966,-0.106134632751361,0.0718795396101602,0.0,0.0,0.0,0.0,True,True,True,False,False,True
Si,Root-zone soil moisture,7,sm_rootzone_mean_7d,METALS::Silicio::mg/L,HYDROCHEMICAL_RESPONSE,rootzone_soil_moisture,-0.1953491330188815,-0.301,-0.085,1.0,-1.1234068378068005,-0.0158006477372254,0.0403001707604218,-0.106965967687157,0.0753646722127061,0.0013268988333749,0.0059432698205926,-0.0121177115620532,0.0147715092288031,True,True,True,False,False,False
Si,Root-zone soil moisture,14,sm_rootzone_mean_14d,METALS::Silicio::mg/L,HYDROCHEMICAL_RESPONSE,rootzone_soil_moisture,-0.2032396322084287,-0.307,-0.098,1.0,-1.111273772531626,-0.0036675824620509,0.0288109599647566,-0.0688425019150279,0.0615073369909261,0.0134599641085495,0.0112005361211271,-0.0118774089056643,0.0387973371227634,True,True,True,False,False,False
Si,Root-zone soil moisture,30,sm_rootzone_mean_30d,METALS::Silicio::mg/L,HYDROCHEMICAL_RESPONSE,rootzone_soil_moisture,-0.2025788397087366,-0.305,-0.101,0.999,-1.1135193541708976,-0.0059131641013224,0.0265715338355757,-0.0660221496954902,0.0541958214928453,0.0112143824692779,0.0143788431731361,-0.0213128206083878,0.0437415855469436,True,True,True,False,False,False
Si,Root-zone soil moisture,60,sm_rootzone_mean_60d,METALS::Silicio::mg/L,HYDROCHEMICAL_RESPONSE,rootzone_soil_moisture,-0.1907612320456659,-0.287,-0.087,1.0,-1.107606190069575,0.0,0.0,0.0,0.0,0.0171275465706004,0.0393461107133966,-0.0718795396101602,0.106134632751361,True,True,True,False,True,False
Si,Root-zone soil moisture,90,sm_rootzone_mean_90d,METALS::Silicio::mg/L,HYDROCHEMICAL_RESPONSE,rootzone_soil_moisture,-0.1512406682838608,-0.258,-0.041,0.9965,-1.117107354268157,-0.009501164198582,0.0209155034538712,-0.0568153201514566,0.0378129917542924,0.0076263823720183,0.0572594525253942,-0.1219034982994064,0.1371562630434431,True,True,True,False,False,False
Si,Surface soil moisture,1,sm_surface_mean_1d,METALS::Silicio::mg/L,HYDROCHEMICAL_RESPONSE,surface_soil_moisture,-0.1265131471153576,-0.235,-0.017,0.99,-1.1654354000741898,-0.0654718387941708,0.0460972440509843,-0.1697510496119385,0.0388073720235969,0.0,0.0,0.0,0.0,True,False,False,False,False,True
Si,Surface soil moisture,7,sm_surface_mean_7d,METALS::Silicio::mg/L,HYDROCHEMICAL_RESPONSE,surface_soil_moisture,-0.1174650702645954,-0.219,-0.006,0.9835,-1.1539534367054458,-0.0539898754254267,0.0278704747460474,-0.1170372695043422,0.0090575186534887,0.011481963368744,0.0217690989387106,-0.0377631597243396,0.0607270864618278,True,False,False,False,False,False
Si,Surface soil moisture,14,sm_surface_mean_14d,METALS::Silicio::mg/L,HYDROCHEMICAL_RESPONSE,surface_soil_moisture,-0.1241367652096425,-0.226,-0.011,0.989,-1.140922359452452,-0.0409587981724331,0.0224648215358882,-0.0917777551220817,0.0098601587772154,0.0245130406217376,0.0323573754830546,-0.048684428098414,0.0977105093418894,True,False,False,False,False,False
Si,Surface soil moisture,30,sm_surface_mean_30d,METALS::Silicio::mg/L,HYDROCHEMICAL_RESPONSE,surface_soil_moisture,-0.1539212797195636,-0.256,-0.042,0.9975,-1.1208168786903934,-0.0208533174103745,0.0110635210380389,-0.0458807407729614,0.0041741059522122,0.0446185213837962,0.0457193720505649,-0.0588058835815806,0.1480429263491731,True,False,False,False,False,False
Si,Surface soil moisture,60,sm_surface_mean_60d,METALS::Silicio::mg/L,HYDROCHEMICAL_RESPONSE,surface_soil_moisture,-0.1884558303868827,-0.291,-0.089,1.0,-1.099963561280019,0.0,0.0,0.0,0.0,0.0654718387941708,0.0460972440509843,-0.0388073720235969,0.1697510496119385,True,True,True,False,True,False
Si,Surface soil moisture,90,sm_surface_mean_90d,METALS::Silicio::mg/L,HYDROCHEMICAL_RESPONSE,surface_soil_moisture,-0.170192969841618,-0.272,-0.063,0.9995,-1.118154739163424,-0.0181911778834048,0.0143495537311626,-0.0506521236401142,0.0142697678733046,0.0472806609107659,0.0484289086955987,-0.06227314178419,0.1568344636057219,True,False,False,False,False,False
