fold_id,response_key,hydro_var,heldout_campaign,H,HQ,NULL,Q,delta_Q_minus_NULL,delta_H_minus_NULL,delta_HQ_minus_Q,delta_HQ_minus_H
HQ01_C01,AC::C.E._SOL::dS/m,ppt_sum_14d,C01,-1.2558011795097686,-1.1105823693560901,-1.2244023465351352,-1.0148821500385428,0.20952019649659248,-0.031398832974633306,-0.09570021931754735,0.14521881015367843
HQ01_C02,AC::C.E._SOL::dS/m,ppt_sum_14d,C02,-0.7370535034112335,-0.6658499894388243,-1.0403048382114315,-0.7707445352275198,0.26956030298391165,0.30325133480019795,0.1048945457886955,0.0712035139724092
HQ01_C03,AC::C.E._SOL::dS/m,ppt_sum_14d,C03,-0.9420330655917031,-0.8487130378479056,-1.2015858229510539,-0.921483864120889,0.28010195883016487,0.2595527573593508,0.07277082627298337,0.09332002774379744
HQ01_C04,AC::C.E._SOL::dS/m,ppt_sum_14d,C04,-0.8132959334404627,-0.7588412693257148,-1.0218252643385344,-0.8926901221449604,0.12913514219357403,0.20852933089807169,0.13384885281924552,0.054454664114747864
HQ01_C05,AC::C.E._SOL::dS/m,ppt_sum_14d,C05,-0.7854965969986699,-0.8339109930617961,-1.0479263698800128,-1.0443078557221912,0.0036185141578215507,0.26242977288134284,0.21039686266039515,-0.04841439606312614
HQ01_C06,AC::C.E._SOL::dS/m,ppt_sum_14d,C06,-0.7576991104439198,-0.8744026322665981,-0.8925290519683909,-0.9433428582924169,-0.05081380632402599,0.13482994152447114,0.06894022602581884,-0.11670352182267829
HQ01_C07,AC::C.E._SOL::dS/m,ppt_sum_14d,C07,-0.8070974710585636,-0.8895106478713509,-1.2156223910684913,-0.9805089388018885,0.23511345226660285,0.4085249200099278,0.09099829093053757,-0.08241317681278737
HQ01_C08,AC::C.E._SOL::dS/m,ppt_sum_14d,C08,-1.0009043216953635,-1.0322365680955128,-1.30095661773113,-1.1660266586140147,0.13492995911711536,0.30005229603576655,0.13379009051850188,-0.03133224640014931
HQ01_C09,AC::C.E._SOL::dS/m,ppt_sum_14d,C09,-0.987253347394176,-1.2080564329205414,-1.203867242513976,-1.4184232798471212,-0.2145560373331452,0.2166138951198,0.2103668469265798,-0.2208030855263654
HQ01_C10,AC::C.E._SOL::dS/m,ppt_sum_14d,C10,-1.6371396105283749,-1.4961832353818705,-1.6838565670705399,-1.3833463838319928,0.30051018323854706,0.04671695654216501,-0.11283685154987766,0.1409563751465044
HQ02_C01,AC::C.E._SOL::dS/m,ppt_sum_60d,C01,-1.3736965744304976,-1.1909308007745023,-1.2223155161989152,-1.0180347600640642,0.20428075613485097,-0.15138105823158243,-0.17289604071043807,0.18276577365599533
HQ02_C02,AC::C.E._SOL::dS/m,ppt_sum_60d,C02,-0.7486853361874579,-0.67126689789162,-1.0372893650191262,-0.7709202814758238,0.26636908354330235,0.28860402883166825,0.09965338358420384,0.07741843829583794
HQ02_C03,AC::C.E._SOL::dS/m,ppt_sum_60d,C03,-0.9552413243476162,-0.8634526894123645,-1.1989436342402031,-0.925012319264815,0.27393131497538814,0.2437023098925869,0.06155962985245045,0.09178863493525169
HQ02_C04,AC::C.E._SOL::dS/m,ppt_sum_60d,C04,-0.8121804084673137,-0.7586633461541834,-1.0236862767113923,-0.8879935178015333,0.135692758909859,0.2115058682440787,0.12933017164734995,0.05351706231313025
HQ02_C05,AC::C.E._SOL::dS/m,ppt_sum_60d,C05,-0.7991698626656489,-0.8418210770305017,-1.0457963922324116,-1.0371667241738378,0.008629668058573792,0.24662652956676268,0.19534564714333613,-0.04265121436485275
HQ02_C06,AC::C.E._SOL::dS/m,ppt_sum_60d,C06,-0.7164069630616634,-0.856571109593692,-0.8916191508942681,-0.9393174488588246,-0.04769829796455649,0.17521218783260473,0.08274633926513264,-0.14016414653202858
HQ02_C07,AC::C.E._SOL::dS/m,ppt_sum_60d,C07,-0.8229655818176185,-0.843257422730023,-1.211379797774666,-0.9745608447807297,0.2368189529939364,0.3884142159570476,0.13130342205070666,-0.020291840912404546
HQ02_C08,AC::C.E._SOL::dS/m,ppt_sum_60d,C08,-0.9749489758955501,-1.0031068730547648,-1.2935756385451072,-1.161679847705836,0.13189579083927105,0.3186266626495571,0.15857297465107134,-0.028157897159214684
HQ02_C09,AC::C.E._SOL::dS/m,ppt_sum_60d,C09,-1.0389759571933206,-1.2201753805012243,-1.2001913147680205,-1.4257487738336658,-0.22555745906564528,0.16121535757469996,0.2055733933324415,-0.18119942330790373
HQ02_C10,AC::C.E._SOL::dS/m,ppt_sum_60d,C10,-1.3899102759850537,-1.3132737842366085,-1.6820662112121296,-1.3825380978303026,0.29952811338182705,0.29215593522707595,0.06926431359369412,0.07663649174844522
HQ03_C01,AC::Na::mg/L,ppt_sum_60d,C01,-0.7580803104015105,-0.6309177346573438,-0.7712971370099482,-0.5949842806298014,0.17631285638014682,0.013216826608437704,-0.035933454027542444,0.12716257574416667
HQ03_C02,AC::Na::mg/L,ppt_sum_60d,C02,-0.4812013225768909,-0.39252679225316506,-0.7775344926509995,-0.47779083273238876,0.29974365991861074,0.2963331700741086,0.0852640404792237,0.08867453032372585
HQ03_C03,AC::Na::mg/L,ppt_sum_60d,C03,-0.5102364419412992,-0.4246792202500204,-0.8191784339265765,-0.4975935059449071,0.32158492798166943,0.3089419919852773,0.07291428569488667,0.08555722169127883
HQ03_C04,AC::Na::mg/L,ppt_sum_60d,C04,-0.5227243941522958,-0.447317579007091,-0.7203626310503195,-0.5293620173022371,0.19100061374808242,0.19763823689802373,0.08204443829514607,0.07540681514520475
HQ03_C05,AC::Na::mg/L,ppt_sum_60d,C05,-0.38626555438483806,-0.4501328327900723,-0.7740629450170087,-0.7521333875242694,0.021929557492739282,0.3877973906321706,0.30200055473419707,-0.06386727840523426
HQ03_C06,AC::Na::mg/L,ppt_sum_60d,C06,-0.515505275975734,-0.5566285512199795,-0.7293627674743456,-0.648173698342588,0.08118906913175761,0.21385749149861155,0.09154514712260853,-0.041123275244245416
HQ03_C07,AC::Na::mg/L,ppt_sum_60d,C07,-0.7257362632297687,-0.6126236428346972,-1.2460007181024466,-0.7467284534582252,0.49927226464422136,0.5202644548726779,0.13410481062352808,0.11311262039507153
HQ03_C08,AC::Na::mg/L,ppt_sum_60d,C08,-0.3858461924774285,-0.367549374506289,-0.7951535395450939,-0.5473742000305533,0.24777933951454068,0.4093073470676654,0.17982482552426426,0.018296817971139523
HQ03_C09,AC::Na::mg/L,ppt_sum_60d,C09,-0.7468113183897108,-0.8473948286587842,-0.9345842756765204,-1.0388665086036115,-0.10428223292709116,0.18777295728680954,0.19147167994482728,-0.10058351026907342
HQ03_C10,AC::Na::mg/L,ppt_sum_60d,C10,-2.318540895610416,-2.5704475981302677,-2.086844640876849,-2.4307679052236786,-0.3439232643468295,-0.23169625473356703,-0.1396796929065891,-0.2519067025198516
HQ04_C01,AC::SO4_ppm::mg/L,ppt_sum_60d,C01,-1.0846508575355458,-1.0351954932858543,-1.0406422272904075,-0.884344951426869,0.15629727586353848,-0.04400863024513835,-0.15085054185898528,0.04945536424969155
HQ04_C02,AC::SO4_ppm::mg/L,ppt_sum_60d,C02,-0.7458899593176856,-0.7204269784997841,-1.0314492672318687,-0.8030916801538536,0.22835758707801512,0.28555930791418305,0.08266470165406947,0.025462980817901548
HQ04_C03,AC::SO4_ppm::mg/L,ppt_sum_60d,C03,-0.9299790019057529,-0.8954443029914555,-1.21393425046792,-0.9739189718305538,0.24001527863736627,0.28395524856216714,0.07847466883909826,0.03453469891429739
HQ04_C04,AC::SO4_ppm::mg/L,ppt_sum_60d,C04,-0.6846410476348648,-0.6748671666798625,-0.9435337186306938,-0.8468000802343189,0.09673363839637494,0.258892670995829,0.1719329135544564,0.009773880955002312
HQ04_C05,AC::SO4_ppm::mg/L,ppt_sum_60d,C05,-0.6905344718774381,-0.6867211690886429,-0.9509258476749949,-0.87604509431,0.07488075336499489,0.2603913757975568,0.1893239252213571,0.0038133027887952142
HQ04_C06,AC::SO4_ppm::mg/L,ppt_sum_60d,C06,-0.7242668750407734,-0.7552950913589366,-0.8553437235853819,-0.8143834705661391,0.040960253019242776,0.13107684854460855,0.05908837920720256,-0.031028216318163215
HQ04_C07,AC::SO4_ppm::mg/L,ppt_sum_60d,C07,-0.8049371033029235,-0.7899439862415435,-1.2198370688982367,-0.9379653175413257,0.281871751356911,0.4148999655953133,0.14802133129978223,0.014993117061379957
HQ04_C08,AC::SO4_ppm::mg/L,ppt_sum_60d,C08,-1.1873944400034773,-1.271634751379975,-1.5775706239518623,-1.5664186922713095,0.01115193168055284,0.39017618394838505,0.2947839408913344,-0.08424031137649779
HQ04_C09,AC::SO4_ppm::mg/L,ppt_sum_60d,C09,-1.3742362368584726,-1.4295591957144738,-1.6367461585040615,-1.6743791405224926,-0.03763298201843113,0.26250992164558884,0.24481994480801883,-0.055322958856001136
HQ04_C10,AC::SO4_ppm::mg/L,ppt_sum_60d,C10,-1.503137849593567,-1.5705535875836303,-1.6914296538622955,-1.6677157056566003,0.023713948205695168,0.1882918042687285,0.09716211807297004,-0.06741573799006328
HQ05_C01,FIELD::Water temperature::degC,sm_rootzone_mean_90d,C01,-0.6458951818375125,-0.6623279800065891,-0.7759370206995897,-0.7906202827983848,-0.014683262098795113,0.1300418388620772,0.1282923027917957,-0.016432798169076612
HQ05_C02,FIELD::Water temperature::degC,sm_rootzone_mean_90d,C02,-0.7486062500526734,-0.8062212392624346,-1.0075589953261364,-1.1787230490151237,-0.17116405368898735,0.2589527452734629,0.3725018097526891,-0.05761498920976116
HQ05_C03,FIELD::Water temperature::degC,sm_rootzone_mean_90d,C03,-1.518337592138881,-1.499655115096377,-2.736043407183043,-2.4696011826779816,0.2664422245050613,1.2177058150441618,0.9699460675816045,0.01868247704250403
HQ05_C04,FIELD::Water temperature::degC,sm_rootzone_mean_90d,C04,-0.9602826895088689,-0.956352773893911,-0.7597846234420775,-0.7411577089675776,0.018626914474499934,-0.20049806606679133,-0.21519506492633345,0.003929915614957813
HQ05_C05,FIELD::Water temperature::degC,sm_rootzone_mean_90d,C05,-0.6575378641452454,-0.714917885608891,-0.8463289651712268,-0.9625867070299388,-0.11625774185871196,0.1887911010259814,0.24766882142104774,-0.057380021463645625
HQ05_C06,FIELD::Water temperature::degC,sm_rootzone_mean_90d,C06,-0.7669746249473803,-0.766181046827985,-1.125068318155211,-1.0504553801212508,0.07461293803396019,0.3580936932078307,0.2842743332932658,0.0007935781193952884
HQ05_C07,FIELD::Water temperature::degC,sm_rootzone_mean_90d,C07,-0.6197631632710098,-0.6337647649313843,-0.8732415950205497,-0.7056479663316613,0.16759362868888839,0.2534784317495399,0.07188320140027693,-0.014001601660374563
HQ05_C08,FIELD::Water temperature::degC,sm_rootzone_mean_90d,C08,-1.1217948719994502,-1.0940423189273825,-1.2297721958615475,-1.210688884254312,0.01908331160723553,0.10797732386209735,0.11664656532692952,0.0277525530720677
HQ05_C09,FIELD::Water temperature::degC,sm_rootzone_mean_90d,C09,-0.9844180266654291,-0.9583031534477429,-1.4327018031202121,-1.0838609379088098,0.34884086521140234,0.448283776454783,0.1255577844610669,0.02611487321768624
HQ05_C10,FIELD::Water temperature::degC,sm_rootzone_mean_90d,C10,-0.8003976405846945,-0.8165300037573285,-0.9581128519414971,-0.8241879628037858,0.13392488913771128,0.15771521135680255,0.007657959046457274,-0.016132363172634
